name,name1,street1,street2,city,state,zip,zip4,county,phone,intake_prompt,intake1,intake2,website,lat,lon,type_facility,mh,psy,rtcc,rtca,ores,ph,omh,cmhc,msmh,ipt,cft,gt,cbt,dbt,bmt,idd,tt,at,ect,tele,smon,smpd,smop,hi,res,phdt,op,vamc,sma,osg,lmg,tbg,ih,sf,md,mc,si,pi,mi,smha,swfs,scjj,sef,osf,clf,csbg,cmhg,vaf,cit,wi,ss,pa,ah,sp,co,gl,vet,adm,mf,cj,se,hv,trma,sed,smi,alz,ptsd,tbi,tay,ped,act,icm,cm,cdm,peer,coot,dec,es,fpsy,hs,imr,ipc,lad,nrt,nsc,prs,stu,sps,semp,sh,tpc,tcc,vrs,chld,yad,adlt,snr,itu,pvtp,pvtn,fqhc,vo,sumh,ccbhc,chlor,drope,fluph,halop,loxap,perph,pimoz,proch,thiot,thior,trifl,aripi,asena,brexp,carip,cloza,ilope,luras,olanz,olanzf,palip,queti,rispe,zipra,crt,emdr,kit,tms,peon,peoff,fg,pcf,dv,pefp,hivt,shb,shc,stdt,tbs,aot,ptm,msnh,f17,f19,f25,f28,f30,f31,f35,f36,f37,f4,f42,f43,f47,f66,f67,f70,f81,f92,n13,n18,n23,n24,n40
VA Greater Los Angeles Healthcare Sys,Los Angeles Ambulatory Care Center,351 East Temple Street,,Los Angeles,CA,90012,,Los Angeles,213-253-2677,Intakes,213-253-2677 x24732,213-253-2677 x24412,http://www.va.gov,34.0520292,-118.2385001,MH,1,,,,,,,,,1,1,1,1,1,1,1,1,1,,1,1,,,,,1,1,1,,,,,,,,,,,,,,,,,,,,1,,1,,,,,1,1,1,,1,1,1,,1,,1,,1,1,1,,,1,1,1,1,1,1,1,1,1,1,1,,1,1,1,1,1,1,,,1,1,,1,1,1,,,,,1,1,,,,1,1,,,1,1,1,1,1,1,1,1,1,1,1,1,1,1,1,1,1,1,,,,,,,,,,,1,1,1,1,1,,,,,,,,,,,,,,,,,,,,,,,,,,
JWCH Institute/Wesley Health Ctrs,CCH,522 South San Pedro Street,,Los Angeles,CA,90013,,Los Angeles,323-201-4516,Intake,866-733-5924,,http://jwchinstitute.org,34.0432489,-118.2437768,MH,1,,,,,,1,,,1,1,1,1,,1,1,1,,,1,,1,,,,,1,,,,,,,1,1,1,1,1,,1,,,,1,1,1,1,,,,1,1,,1,1,1,1,,,,1,1,1,,1,,1,,1,,,1,1,1,1,1,1,1,1,1,,1,,,,,1,,,,,1,,,1,1,1,,,1,1,,1,,,,,,,,,,,,,,,,,,,,,,,,,,,,,,,,1,1,,,1,1,1,1,1,1,,,,,,,,,,,,,,,,,,,,,,,,,
Para Los Ninos,Mental Health Family Center,849 East 6th Street,,Los Angeles,CA,90021,,Los Angeles,213-623-8446 x224,Intakes,213-623-8446 x221,213-623-8446 x232,http://www.paralosninos.org,34.0401257,-118.2413167,MH,1,,,,,,1,,,1,1,1,1,,1,,1,,,,1,,,,,,1,,,,,,,,,1,,,,1,1,,,1,1,,1,,,,,1,,1,,,,,,,,,1,1,,,1,,1,,,,1,,,,,,1,,,,,,,1,,,,,,,,1,1,,,,,1,,,,,,,,,,,,,,,,,,,,,,,,,,,,,,,,,,,,,,,,,,,,,,,,,,,,,,,,,,,,,,,1,,,,,,
Asian Pacific Counseling and,Treatment Center/Adult FCCS,1310 Wilshire Boulevard,,Los Angeles,CA,90017,,Los Angeles,213-483-3000,,,,http://www.apctc.org,34.0530816,-118.2606109,MH,1,,,,,,1,,,1,1,1,1,,1,1,1,,,1,,1,,,,,1,,,,,,,1,1,1,,,,1,1,1,,1,1,1,1,,1,,,1,,,1,,,,,,1,,,,1,,,,,,,,1,,1,1,,,,1,,,,,,1,,1,1,1,,,1,,1,1,1,,,1,,,1,,,,,,,,,,,,,,,,,,,,,,,,,,,,,,1,,,,,,,,,,,1,,,1,,,,,,,,,,,1,1,,,,,,,,,,
SSG/Asian Pacific Counseling and,Treatment Centers,1310 Wilshire Boulevard,,Los Angeles,CA,90017,,Los Angeles,213-483-3000,,,,http://www.apctc.org,34.0530933,-118.260626,MH,1,,,,,,1,,,1,1,1,1,,1,1,1,,,1,,1,,,,,1,,,,,,,1,1,1,,,,1,1,1,,1,1,1,1,,1,,,1,,,1,,,,,,1,,,,1,,,,,,,,1,,1,1,,,,1,,,,,,1,,1,1,1,,,1,,1,1,1,,,1,,,1,,,,,,,,,,,,,,,,,,,,,,,,,,,,,,1,,,,,,,,,,,1,,,1,,,,,,,,,,,1,1,,,,,,,,,,
Amanecer Community Counseling Service,,1200 Wilshire Boulevard,Suite 200,Los Angeles,CA,90017,,Los Angeles,213-481-7464 x271,Intake,213-416-1106,,http://www.amanecerla.org,34.0529086,-118.2653159,MH,1,,,,,,1,,,1,1,1,1,,1,1,1,1,,1,,1,,,,,1,,,,,,,1,1,1,1,,,,1,,,,1,,1,,1,,1,1,,1,1,1,1,,1,,1,,1,1,1,,1,,1,,,1,1,,,,,,1,1,,1,,,,1,,1,,1,,,,1,1,1,1,,,1,,,1,,1,1,1,1,1,1,,1,1,1,1,1,1,,1,1,1,1,1,1,1,1,1,1,,,,,,1,1,1,,1,,,,,,,,,,,,,,,,,,,,,,,,,,,,,,,
Wellnest,Integrated Services Management,Adventist Health White Memorial,"1701 East Cesar E Chavez, Suite 532",Los Angeles,CA,90033,,Los Angeles,323-373-2400,Intake,323-766-2345,,http://wellnestla.org,34.0494573,-118.2167639,MH,1,,,,,,,1,,1,1,1,1,,1,,1,,,1,1,,,,,,1,,,,,,,,1,,,,,1,1,,,1,1,,,,,,,1,1,1,1,1,,,,1,,,1,1,1,,1,,1,1,,1,1,,,1,1,,1,,,1,,,,,,1,,,,,,1,1,1,,,,1,,,1,,,,,,,,,,,,,1,,,,,,,1,,,1,1,,,,,,,,,1,1,1,,,,,,,,,,,,,,,,,,,,,,,,,,,,,,,
Dignity Health,DBA California Hospital Medical Ctr,1400 South Grand Avenue,Suite 600,Los Angeles,CA,90015,,Los Angeles,213-742-6250,,,,http://www.hopestreetfamilycenter.org,34.0368416,-118.2652246,MH,1,,,,,,1,,,1,1,1,1,1,,1,1,,,,1,,,,,,1,,,,,,,,,1,,,,1,1,,,,,,,,,,,,,1,1,1,,,,,,,1,1,,,1,,1,,,1,1,,,1,,,1,,,,,,,1,1,1,,,,,1,1,1,1,1,,,1,,,,,,,,,,,,,,,,1,,,,,,,1,1,,1,1,,,,,,,,,1,,,,,,,,,,,,,,,,,,,,,,,,,,,,,,,,,
Star View Community Services,,1625 West Olympic Boulevard,Suite 600,Los Angeles,CA,90015,,Los Angeles,323-999-2404,,,,http://www.starsinc.com/los-angeles-county/,34.04995,-118.2748563,MH,1,,,,,,1,,,1,1,1,1,,1,,1,,,1,,1,,,,,1,,,,,,,,1,,1,1,,1,1,1,1,1,1,,,,1,,,,1,1,,,,,,,,,1,1,1,,1,,1,,,1,1,1,,1,,,1,,,,,,,1,1,1,,,,,,1,1,1,,,1,,1,,1,,,,,,,,,,,,,1,,,,,,1,1,,,1,1,,,,,,,1,,,,,,,,,,,,,,,,,,,,,,,,,,,,,,,,,,,
Hillsides FRC,Echo Park,1910 West Sunset Boulevard,Suite 650,Los Angeles,CA,90026,3281,Los Angeles,213-201-5380,Intake,323-274-3075,,http://www.hillsides.org,34.0773897,-118.2613418,MH,1,,,,,,1,,,1,1,1,,,1,1,1,,,1,,1,,,,,1,,,,,,,,1,,,1,,1,1,,,,1,,,,1,,,,,1,,1,,,1,,,,1,1,1,,1,,1,,,1,1,,1,1,,,,,,,1,,,1,1,1,1,1,,,,1,1,1,,,,1,,,1,,,,,,,,,,,,,1,,,,,,1,1,,,1,1,1,,,,,,1,,,,,,,,,,,,,,,,,,,,,,,,,,,,,,,,,,,
LAC USC Medical Center,Behavioral Health,1200 North State Street,,Los Angeles,CA,90033,,Los Angeles,323-409-2800,,,,http://dhs.lacounty.gov/wps/portal/dhs/lacusc/gme/,34.0577573,-118.2081617,MH,1,1,,,,,,,,1,1,1,1,,1,,,1,,,1,,,1,,,1,,,,1,,,1,1,1,1,1,1,1,1,1,1,1,1,1,1,1,1,1,,1,1,1,,,,,,,,,,1,1,,,,1,,,,1,1,,1,1,,,,,1,,1,1,1,1,,,,,1,,1,1,1,1,,,,,,1,,1,,1,1,1,,1,,,,1,1,,,,1,,1,1,,1,1,1,1,,,,,1,,1,,,,1,1,1,1,1,1,,,,,,,,,,,,,,,,,,,,,,,,,
SSG/Asian Pacific Counseling and,Treatment Centers,520 South Lafayette Park Place,Suite 300,Los Angeles,CA,90057,,Los Angeles,213-252-2100,,,,http://www.apctc.org,34.0636002,-118.2821251,MH,1,,,,,,1,,,1,1,1,1,,1,1,1,,,,,1,,,,,1,,,,,,,1,1,1,,,,1,1,1,,1,1,1,1,,1,,,1,,1,,1,,,,,1,,1,1,1,,1,,1,1,,,1,,,1,,,,1,,,,,,,,1,1,1,,,1,1,1,1,1,,,1,,,1,,,,,,,,,,,,,,,,,,,,,,,,,,,,,,,,,,1,,,,,,,,,,,,,,,,,,,,,,,,,,,,,,,,
Didi Hirsch Mental Health Services,Metro Center,672 South La Fayette Park Place,Suite 6,Los Angeles,CA,90057,3224,Los Angeles,310-390-6612,Intakes,888-807-7250,213-381-3626,http://www.didihirsch.org,34.060185,-118.283754,MH,1,,,,,,,1,,1,1,1,1,,1,,1,,,1,1,,,,,,1,,,,,,,1,,1,,,,1,1,,,,,,1,,,,,,,1,,,,,,,,,1,1,,,1,,,,,,1,,,,,,1,,,,,,,1,,1,,,,,,1,,,,,,1,,,,,,,,,,,,,,,,,,,,,,,,,,,,,,,,,,,,,,,,,,,,,,,,,,,,,,,,,,,,,,,,,,,,,
Gateways Hospital and MH Center,Child and Adolescent OP Program,1891 Effie Street,,Los Angeles,CA,90026,,Los Angeles,323-644-2000,Intakes,323-644-2000 x253,323-644-2000 x273,http://www.gatewayshospital.org/,34.085158,-118.256578,MH,1,,,,,,1,,,1,1,1,1,,1,,1,,,,,1,,,,,1,,,,,,,1,,,,,,1,1,1,,,,,,,,,1,,,1,,,,,,1,,,1,1,,,1,,1,,,,1,,,,,,1,,,,,,,,,1,,,,,,1,1,,,,,1,,,1,,,,,1,,,,,,,,1,,,,,,1,1,,,1,1,1,,,,,,,,,,,,,,,,,,,,,,,,,,,,,,,,,,,,,,,,,
Childrens Bureau of Southern CA,,1910 Magnolia Avenue,,Los Angeles,CA,90007,,Los Angeles,213-342-0100,,,,http://www.all4kids.org,34.0394723,-118.285642,MH,1,,,,,,,1,,1,1,1,1,,1,,1,,,1,1,,,,,,1,,,,,,,1,1,1,,,,,,,,1,1,,1,,,,,,1,1,,1,,,,,,,1,1,,,1,,,,,,1,,,1,,,,,,,,,,,,,,,,,,1,,,,,,1,1,,,,,,,,,,,,,,,,,,,,,,,,,,,,,,,,,,,,,,,,,,,,,,,,,,,,,,,,,,,,,,,,,,,,
Northeast Mental Health Center,,3303 North Broadway,,Los Angeles,CA,90031,2803,Los Angeles,323-478-8200,,,,http://,34.0741129,-118.206315,MH,1,,,,,,1,,,1,,1,1,1,,1,1,1,,1,,1,,,,,1,,,,1,,,1,1,1,1,1,,,,,,,1,,,,1,1,1,1,1,1,1,,,,,,1,,1,,1,,,,,,,1,1,,1,,1,1,1,1,,,,1,1,1,1,1,1,1,,1,1,,1,1,1,,,,,,1,,1,,1,1,,,,,,,,1,1,1,1,1,1,1,1,1,1,1,1,1,,,,,1,1,,,1,,,,,,,,,,1,,1,,,,,,,,,1,1,,,1,1,,,,,,
APAIT a Division of SSG,,3055 Wilshire Boulevard,Suite 300,Los Angeles,CA,90010,,Los Angeles,213-375-3830,,,,http://www.apaitonline.org,34.0622325,-118.2880455,MH,1,,,,,,1,,,1,1,1,1,1,1,1,1,1,,1,,1,,,,,1,,,,,,,1,1,1,,,,,,,,1,1,,,,1,,,,,1,1,1,,,,,1,1,1,,,,1,,1,,1,1,1,1,1,1,,1,1,1,,1,,,,1,,1,,,,,1,,1,1,1,,,1,,,,,,,,,,,,,,,,,,,,,,,,,,,,,,,,,,,1,,,,1,1,1,1,,,,,1,,,,,,,,,,,,1,,,,1,,,,,,
Pacific Clinics,Portals Mariposa Clubhouse,679 South New Hampshire Avenue,4th Floor,Los Angeles,CA,90005,,Los Angeles,213-639-2660,Intake,877-722-2737,,http://www.pacificclinics.org,34.0606741,-118.293195,MH,1,,,,,,,1,,1,1,1,1,,1,,,,,1,1,,,,,,1,,,,,,,,1,1,1,,1,1,1,1,,,1,1,1,1,1,,1,1,,1,1,1,1,,1,1,1,1,1,,1,,1,,,,1,1,1,,1,,,,1,,,1,,,,1,,,1,1,,,,,1,1,1,,,1,1,,1,,,,,1,,,,,,,,1,,,,1,1,1,1,,1,1,1,1,,,,,1,,,,1,1,,,,,,,,,,,,,,1,,,,,,,,,,,1,,,,,,
Gateways Hospital and MH Center,Percy Village Adult Residential Prog,3455 Percy Street,,Los Angeles,CA,90023,1716,Los Angeles,323-268-2100 x567,Intakes,323-268-2100 x0,323-268-2100 x552,http://www.gatewayshospital.org/,34.0284749,-118.1986568,MH,1,,,,,,,,1,1,1,1,1,,1,,,1,,,,1,,,1,,1,,,,,,,,1,,,,,1,,,,,1,,,,,,,,1,1,,,,,,,,,,,1,,,,,,,,1,,,,,1,,,,,,,,,1,,,1,,1,,,1,1,,,,1,,,,,1,,1,1,1,1,,,,,,1,1,1,1,1,1,1,1,1,1,1,1,1,,,,,,,,,,,,,,,1,,,,,,,,,,,,,,,,,,,,,,,,,,
Haven at College ,,817 West 34th Street,4th Floor,Los Angeles,CA,90089,,Los Angeles,855-806-4266,,,,http://www.thehavenatcollege.com/,34.0231738,-118.2842734,MH,1,,,,,,1,,,1,,1,1,1,1,1,1,,,1,,,1,,,,1,,,,,,,1,,,,1,,,,,,,,,,,1,,1,,,,,1,,,,,,,,,,,,,1,,,,1,,1,1,1,1,1,,,,1,,,,1,,,1,,1,,,1,,,,1,,,,,,,,,,,,,,,,,,,,,,,,,,,,,,1,1,,,,,,1,,,,,,,,,,,,,,,,,,,,,,,,,,,,,,,,,
Childrens Bureau of Southern CA,,3910 Oakwood Avenue,,Los Angeles,CA,90004,,Los Angeles,323-953-7350,Intake,323-953-7356 x431,,http://www.all4kids.org/,34.077416,-118.292392,MH,1,,,,,,1,,,1,1,1,1,,,,1,1,,1,1,,,,,,1,,,,,,,,1,,1,,,,1,,,,1,,,,1,,,,,1,,1,,,1,1,,,1,1,,,1,,1,,,,1,,,,,,1,,,,,,,1,,1,,,,,,1,1,,,,,1,,,1,,,,,,,,,,,,,,,,,,,,,,,,,,,,,,,,,,,1,,,,,,,,,,,,,,,,,,,,,,,,,,,,,,,
Aviva Family and Childrens Services,Community Mental Health,3580 Wilshire Boulevard,8th Floor,Los Angeles,CA,90010,,Los Angeles,213-637-5000,Intake,323-876-0550 x0,,http://www.aviva.org,34.0611215,-118.3028158,MH,1,,,,,,1,,,1,1,,1,1,1,,1,,,,,1,,,,,1,,,,,,,1,1,,1,1,,1,1,1,,,1,1,1,,1,,1,1,,1,,1,,,,,,,1,1,,,1,,1,,,,1,,,,,,1,,,,,,,,,,,,,,,1,1,,,,,1,,,,,,,,,,,,,,,,1,1,,,1,,1,1,,1,1,1,1,,,,,,,,1,1,1,,,,,,,,,,,,,,,,,,,,,,,,,,,,,,,
Heritage Clinic,,3600 Wilshire Boulevard,Suite 2200,Los Angeles,CA,90010,,Los Angeles,213-382-4400,Intake,213-382-4400 x0,,http://www.heritageclinic.org,34.0605163,-118.3036379,MH,1,,,,,,1,,,1,1,1,1,1,1,1,1,,,1,,1,,,,,1,,,,,,,1,1,1,,1,,,,,,,1,,,,,,,,,1,,,,,,1,1,,,,1,1,,,,,,1,1,,,1,,,1,1,,,,,,1,,1,,1,,,,,,1,1,,,1,,,1,,,,,,,,,,,,,,,,,,,,,,,,,,,,,,,,,,,,,,,,,,,,,,,,,,,,,,,,,,,1,,,,,,,
Wellnest,Formerly LA Child Guidance Clinic,3787 South Vermont Avenue,,Los Angeles,CA,90007,4203,Los Angeles,323-373-2400,Intake,323-766-2345,,http://wellnestla.org/,34.0173455,-118.291916,MH,1,,,,,,,1,,1,1,1,1,1,1,,1,,,1,1,,,,,,1,,,,,,,,1,,,,,1,1,,,1,1,,,,1,,,1,1,1,1,1,,,,1,,,1,1,1,,1,,1,1,,1,1,,,1,1,,1,,,,,,,,1,1,,,,,,1,1,1,,,,1,,,1,,,,,,,,,,,,,1,,,,,,,1,,,1,1,,,,,,,,,1,1,1,,,,,,,,,,,,,,,,,,,,,,,,,,,,,,,
Portals House Inc/Portals Community,Connections/FSP/Adult/Serv Area 6,3881 South Western Avenue,,Los Angeles,CA,90062,1105,Los Angeles,323-290-4378,Intakes,877-722-2737,323-290-4340,http://www.pacificclinics.org,34.015039,-118.3091643,MH,1,,,,,,1,,,1,1,1,1,,1,1,1,1,,1,,1,,,,,1,,,,,,,,1,1,1,1,1,1,1,1,1,1,1,1,1,1,1,1,,,,1,,,,,,,1,,,,1,,,,1,,1,1,1,,1,1,,,1,1,1,1,1,,,1,,1,1,1,,,1,1,1,1,1,1,,1,1,,1,,,,,1,,1,,,,,,1,,,,1,,1,1,1,1,1,1,,,,,,1,1,,,,,,,,,,,,,,,,,,,,,,,,,1,,,,,,,,,,
ALMA Family Services,Centro Estrella,4701 East Cesar E Chavez Avenue,,Los Angeles,CA,90022,1209,Los Angeles,323-881-3799,,,,http://almafamilyservices.org,34.04077,-118.164403,MH,1,,,,,,1,,,1,1,1,1,,1,1,1,,,,1,,,,,,1,,,,,,,,1,1,,,,,,,,,1,,,,1,,,,,1,1,1,,,1,1,1,1,1,1,1,,1,,1,1,,,1,,1,1,,,1,,,1,,,,1,,1,,,,,,1,1,1,1,,,1,,,1,,1,,1,1,1,1,,,,,,,,,,,,,,,,,,,,,,,1,,,,1,1,,,,,,,,,,,,,,,,,,,,,,,,,,,,,,,
Wellnest,Life Learning Center,5054 Vermont Avenue,,Los Angeles,CA,90037,,Los Angeles,323-373-2444,Intakes,323-766-2345,323-373-2400,http://wellnestla.org/,33.9966843,-118.2911972,MH,1,,,,,,,1,,1,1,1,1,,1,,1,,,1,1,,,,,,1,,,,,,,,1,,,,,1,1,,,1,1,,,,1,,,1,1,1,1,1,,,,1,,,1,1,1,,1,,1,1,,1,1,,,1,1,,1,1,,,,,,1,,1,1,1,,,1,1,1,,,,,1,,,1,,,,,,,,,,,,,1,,,,,,,1,,,1,1,,,,,,,,,1,1,1,,,,,,,,,,,,,,,,,,,,,,,,,,,,,,,
Uplift Family Services,,815 North El Centro Avenue,,Los Angeles,CA,90038,,Los Angeles,323-769-7163,Intakes,323-769-7171,323-769-7190,http://www.upliftfs.org/,34.0855137,-118.3256933,MH,1,,,,,,1,,,1,1,,1,,1,,1,1,,1,1,,,,,,1,,,,,,,,1,,1,1,,1,,,,,1,,,,,,,,1,1,,,,,,,,,1,1,,,1,,,,,,1,,1,,,,1,,,,,,,1,,,,,,,,1,1,1,,,,1,,,,,,,,,,,,,,,,1,1,,,,,1,1,,,1,1,1,,,,,,,,1,,,,,,,,,,,,,,,,,,,,,,,,,,,,,,,,,
Glendale Mem Hospital and Healthcare,Behav Health Unit 3 South,1420 South Central Avenue,,Glendale,CA,91204,,Los Angeles,818-502-1900 x2362,Intakes,818-409-7740,818-502-2362,http://www.dignityhealth.org,34.1280862,-118.2569564,MH,1,1,,,,,,,,,,1,,,,,,1,,1,1,,,1,,,,,,,,,,1,1,1,1,1,1,1,,,,1,1,,,,1,1,,,1,,1,1,1,,,1,1,1,1,,1,,1,,1,,,,,1,,,,,1,1,,1,,1,1,1,1,1,,,,1,,,1,1,,,,1,,,1,,1,,,1,,,,,,,,1,,,,1,,1,1,,1,1,1,1,,,,,1,,,,1,1,1,1,1,1,1,,,,,,,,,,,,,,,,,,,,,,,,,,
Hollywood Mental Health Center,,1224 North Vine Street,,Los Angeles,CA,90038,,Los Angeles,323-769-6100,,,,http://dmh.lacounty.gov/,34.0933177,-118.32615,MH,1,,,,,,1,,,1,,1,1,1,1,,1,,,1,,1,,,,,1,,,,1,,,1,1,1,,1,,1,1,,,,1,,1,,1,1,1,,1,1,1,1,,,,,1,1,1,,1,,,,,,,1,1,,1,,,,,1,,,,,,1,1,1,,1,,,1,,1,1,1,,,,,,1,,,,,1,,1,,,1,1,1,1,,,,1,,1,1,1,1,1,1,1,,,,,1,1,,,,,,,,,,,,,1,,1,1,1,1,,,,1,,1,1,,,1,1,,,,,,
Hillsides FRC,Bienvenidos/East Los Angeles,5400 East Olympic Boulevard,1st Floor,Los Angeles,CA,90022,,Los Angeles,323-869-9225,Intake,323-274-3075,,http://www.hillsides.org,34.0151135,-118.1556963,MH,1,,,,,,1,,,1,1,1,,,1,1,1,,,1,,1,,,,,1,,,,,,,,1,,,1,,1,1,,,,1,,,,1,,,,,1,,1,,,1,,,,1,1,1,,1,,1,,,1,1,,,1,,,,,,,1,,,1,1,1,,,,,,1,1,1,,,,1,,,1,,,,,1,,,,,,,,1,,,,,,1,1,,1,1,1,1,,,,,,1,,,,,,,,,,,,,,,,,,,,,,,,,,,,,,,,,,,
VA Greater Los Angeles Healthcare Sys,East Los Angeles Mental Health Clinic,5426 East Olympic Boulevard,,Los Angeles,CA,90022,,Los Angeles,323-725-7372,Intake,323-725-7557,,http://,34.0145179,-118.1554564,MH,1,,,,,,,,,,,,,,,,1,,,,1,,,,,,1,1,,,,,,,,,,,,,,,,,,,,1,,,,,,,,,1,,,,,,,,,,,,,,,,,,,,,,,,,,,1,1,,1,,,,,1,,,1,1,1,,,,,1,1,,1,1,1,1,1,1,1,1,1,,1,1,,,,1,,1,1,1,1,1,1,1,,,,,,1,,,,,,,,,,,,,,,,,,,,,,,,,,,,,,,,,,,
Southern California Health and,Rehabilitation Program (SCHARP) FSP,3850 South Crenshaw Boulevard,,Los Angeles,CA,90008,,Los Angeles,323-751-3026,,,,http://scharpca.org,34.0174928,-118.3350659,MH,1,,,,,,1,,,1,1,1,1,1,1,1,1,,,1,,1,,,,,1,,,,,,,,1,1,,,,1,,,,1,1,,,,1,,,,,1,1,,,,,1,,,,,1,,,,,,1,1,1,,1,1,,1,1,1,,1,,,,1,1,1,1,1,,1,1,,1,1,1,,,1,,,1,,,,,1,,,,,,,,1,1,1,1,1,1,1,1,1,1,1,1,1,,,,,1,1,,,,,,,,,,,,,,,,,,,,,,,,,,,,,,,,,,,
Hillsides FRC,South Pasadena,149 Pasadena Avenue,,South Pasadena,CA,91030,,Los Angeles,323-274-3065,Intake,323-247-3075,,http://www.hillsides.org,34.1117485,-118.1728818,MH,1,,,,,,1,,,1,1,1,,,1,1,1,,,1,,1,,,,,1,,,,,,,,1,,,1,,1,1,,,,1,,,,1,,,,,1,,1,,,1,,,,1,1,1,,1,,1,,,1,1,,1,1,,,,,,,1,,,1,1,1,1,1,,,,1,1,1,,,,1,,,1,,,,,,,,,,,,,1,,,,,,1,1,,,1,1,1,,,,,,1,,,,,,,,,,,,,,,,,,,,,,,,,,,,,,,,,,,
Tessie Cleveland Community Servs Corp,,8019 South Compton Avenue,,Los Angeles,CA,90001,,Los Angeles,323-586-7333,,,,http://www.tccsc.org,33.9660488,-118.2480026,MH,1,,,,,,1,,,1,1,1,1,1,1,1,1,1,,1,1,,,,,1,1,,,,,,,1,1,1,,1,,,,,,,1,,,,1,,,,,1,1,,,,,1,1,,1,1,1,,1,,1,,,1,1,,1,1,,,1,,,,,,1,1,,1,,,,,,1,1,1,1,,,1,,,1,,,,,,,,,,,,,,,,,,,,,,,,,,,,,,,1,,,,,,,,,,1,,,,,,,,,,,,,,,,,,,,,,,,,
Wellnest,Formerly LA Child Guidance Clinic,4401 Crenshaw Boulevard,Suite 300,Los Angeles,CA,90043,,Los Angeles,323-290-8360,Intake,323-766-2345,,http://wellnestla.org/,34.003228,-118.3320404,MH,1,,,,,,,1,,1,1,1,1,1,1,,1,1,,1,1,,,,,,1,,,,,,,,1,,,,,1,1,,,1,1,,,,,,,1,1,1,1,1,,,,1,,,1,1,1,,1,,1,1,,,1,,,1,1,,1,,,,,,,,,1,,,,,,1,1,1,,,,1,,,1,,,,,,,,,,,,,1,,,,,,,1,,,1,1,,,,,,,,,1,1,1,,,,,,,,,,,,,,,,,,,,,,,,,,,,,,,
Hathaway/Sycamores Child/Family Servs,,840 North Avenue 66,,Los Angeles,CA,90042,,Los Angeles,323-257-9600,Intake,323-257-9600 x7119,,http://www.hathaway-sycamores.org/about-hathaway-sycamores/,34.1206366,-118.172231,MH,1,,,,,,,1,,1,1,,1,,1,1,1,,,1,,1,,,,,1,,,,,,,,1,1,1,,,1,1,1,1,1,1,,1,,1,,,,,1,1,,,,,,,,1,1,,,1,,,,,1,1,,1,,,,1,,,,,,,,,1,,,,,,1,1,,,,,1,,,1,,,,,,,,,,,,,,,,,,,,,,,,,,,,,,,1,1,1,,,,,,,,,,,,,,,,,,,,,,,,,,,,,,,,,
Didi Hirsch Mental Health Services,,1540 East Colorado Street,,Glendale,CA,91205,1514,Los Angeles,818-244-7257,Intake,888-807-7250,,http://www.didihirsch.org,34.1422784,-118.2300479,MH,1,,,,,,,1,,1,1,1,1,,1,1,1,,,1,1,,,,,,1,,,,,,,1,1,1,,1,,,,,,,1,,,,1,,,,,1,1,,,,,,1,,1,1,1,,1,,1,,,,1,,1,1,,,1,1,,,,,1,1,1,1,,,1,1,,1,1,1,1,,,1,,,1,,1,,1,1,1,1,,1,1,1,1,1,1,1,1,1,1,1,1,1,1,1,1,1,,,,,1,1,,,,1,,,,,,,,,1,,1,,,,,,,,,,1,,,1,,,,,,,
Hathaway/Sycamores Child/Family Servs,,3741 Stocker Street,Suite 100,Los Angeles,CA,90008,,Los Angeles,323-733-0322,Intakes,844-222-2377,626-395-7100,http://www.hathaway-sycamores.org,34.0064992,-118.3386624,MH,1,,,,,,,1,,1,1,,1,,1,1,1,,,1,,1,,,,,1,,,,,,,,1,1,,,,1,1,1,1,1,1,,1,,1,,,,1,1,1,,,,,1,,,1,1,,,1,,,,,1,1,,1,1,,,1,,,,,,,,1,1,,,,,,1,1,,,,,1,,,1,,,,,,,,,,,,,,,,,,,,,,,,,,,,,,,,,,,,,,,,,,,,,,,,,,,,,,,,,,,,,,,,,,
Hillsides,STRTP and NPS,940 Avenue 64,,Pasadena,CA,91105,2711,Los Angeles,323-254-2274,Intake,323-274-3075,,http://www.hillsides.org,34.1244844,-118.1758621,MH,1,,1,,,,,,,1,1,1,,,1,1,1,1,,,1,,,,1,,,,,,,,,1,1,,,1,,1,1,,1,,1,,,,1,,,,,1,,1,,,,,,,1,1,,,1,,,,,1,1,,,1,,1,,,,,1,,,1,1,1,,,,,,1,,,,,,1,,,1,,,,,,,,,,,,,1,,,,,,1,1,,,1,1,1,,,,,,,,,,,,,,,,,,,,,,,,,,,,,,,,,,,,,,,,,
Hathaway/Sycamores Child/Family Servs,Community Servs,5100 South Eastern Avenue,Suite 110,Los Angeles,CA,90040,,Los Angeles,323-837-0838,Intakes,844-222-2377,626-395-7100,http://Hathaway-Sycamores.org,33.9887043,-118.1604996,MH,1,,,,,,,1,,1,1,,1,,1,1,1,,,1,,1,,,,,1,,,,,,,,1,1,,,,1,1,1,1,1,1,,1,,1,,,,1,1,1,,,,,1,,,1,1,,,1,,,,,1,1,,1,1,,,1,,,,,,,,1,1,,,,,,1,1,1,,,,1,,,1,,,,,,,,,,,,,,,,,,,,,,,,,,,,,,,,,,,,,,,,,,,,,,,,,,,,,,,,,,,,,,,,,,
Penny Lane Centers,,5628 East Slauson Avenue,,Los Angeles,CA,90040,,Los Angeles,323-887-1917,Intake,323-318-9960,,http://www.pennylane.org,33.985546,-118.163804,MH,1,,,,,,1,,,1,1,1,,,,1,1,,,,1,,,,,,1,,,,,,,,,1,1,,,1,1,,,,,,,,,,,,,1,1,,,,,,,,,1,,,1,,,,,,1,,,1,,,,,,,,,,1,,,,,1,,,1,1,1,,,,1,,,,,,,,,,,,,,,,,,,,,,,,,,,,,1,,,,,,,,,,,,,,,,,,,,,,,,,,,,,,,,,,,,,,,,
Didi Hirsch Mental Health Services,S Mark Taper Foundation Center,1328 West Manchester Avenue,,Los Angeles,CA,90044,,Los Angeles,323-778-9593,Intake,,888-807-7250,http://www.didihirsch.org,33.95962,-118.2992751,MH,1,,,,,,1,,,1,1,1,1,1,1,1,1,,,1,1,,,,,,1,,,,,,,1,1,1,,,,,,,,,,,,,1,,,1,,1,,,,,,,,,,,,,,,,,,,1,,,,,1,1,1,,1,,,,1,1,1,1,,,,,1,1,1,1,,,1,,,1,,,,,,,,,,,,,,,,,,,,,,,1,1,1,,,,,,,1,,,,,,,,,,,,,,,,,,,,,,,,,,,,,,,,,,
Pacific Clinics,Pasadena Family Services,66 Hurlbut Street,,Pasadena,CA,91105,,Los Angeles,626-441-4221,Intake,877-722-2737,,http://www.pacificclinics.org,34.129707,-118.151742,MH,1,,,,,,,1,,1,1,1,1,,,1,1,,,1,,1,,,,,1,,,,,,,,1,1,,,,1,,,,,1,,,,,,,,1,1,1,,,,,,1,,,1,1,,,,1,,,1,1,,1,,,,1,1,1,,,,,1,1,1,,,,1,1,1,1,1,1,,,1,,,1,,,,,,,,,,,,,1,,1,1,1,1,1,1,1,1,1,1,1,,,,,,,,,,,,,,,,,,,1,,,,,,,,,,,,,,,,,,,,,,
Center for Discovery,Beverly Hills,8484 Wilshire Boulevard,Suite 510,Beverly Hills,CA,90211,,Los Angeles,844-546-2614,,,,http://centerfordiscovery.com/locations/beverly-hills-outpatient/,34.064733,-118.3756728,MH,1,,,,,1,,,,1,1,1,1,1,1,1,1,1,,,,1,,,,1,,,,,,,,1,,,,1,,,,,,,,,,,,,,,,,,1,,,,,,,1,,,,1,,,1,,,1,,,,1,,1,,,,,,,,,,,,,,,1,1,1,,,1,,,,1,,,,,,,,,,,,,,,,,,,,,,,,,,,,,,,,,,,,,,,,,,,,,,,,,,,,,,,,,,,,,,,,,,
Huntington Hospital,Della Martin Center,100 West California Boulevard,,Pasadena,CA,91105,,Los Angeles,626-397-2300,Intake,626-397-2323,,http://www.huntingtonhospital.com,34.1325954,-118.1525463,MH,1,1,,,,,,,,,,1,,1,,,,1,,1,1,,,1,,1,1,,,,,,,1,1,1,1,1,,,,,,,,,,,1,1,,,1,,1,,,,,,1,,,,1,,,,,,,,1,,,1,1,,1,,,,,1,1,,1,,,,,1,,,1,1,1,,,1,,,,,1,,1,1,,,,1,1,1,1,1,,,,1,1,,1,,1,,1,1,,,,,1,,,,,1,,,,,,,,,,,,,,,,,,,,,,,,,,,,,,,
Didi Hirsch Mental Health Services,Jump Street,1233 South La Cienega Boulevard,,Los Angeles,CA,90035,2520,Los Angeles,310-855-0031,Intake,310-895-2343,,http://www.didihirsch.org,34.054749,-118.376557,MH,1,,,1,,,,,,1,1,1,1,1,1,1,1,1,,1,,1,,,1,,,,,,,,,,1,1,1,,,,,,,,,,,,1,,,,,,,1,,,,1,1,1,1,,1,,1,,1,,,,1,,1,,1,1,1,1,1,,,1,1,1,,1,1,1,,1,1,,1,1,,,,1,,,1,,1,,,1,,,,,,,,1,,,,1,1,1,1,,,1,1,,,,,,,,,,,1,,,1,,1,,,,,,,,,,,,,,,,,,,,,,,,,,
Alcott Center for Mental Health Servs,,1433 South Robertson Boulevard,,Los Angeles,CA,90035,3414,Los Angeles,310-785-2121,,,,http://www.alcottcenter.org,34.0537438,-118.3841878,MH,1,,,,,,,1,,1,1,1,1,1,1,1,1,1,,1,,1,,,,,1,,,,,,,,1,1,,,,1,,,,,1,,,,,,,1,,1,1,,,,,1,1,,,,1,,,,,,,1,1,,,,,,1,1,,1,,,,1,1,1,,1,,,,,1,1,1,,,1,,,1,,1,,1,1,,,,,,,1,1,1,,,1,,1,1,1,1,1,1,1,,,,,1,,,1,,,,,,,,,,,,,1,,,,,,,,,,,,,,,,,,,,
Jewish Family Service of Los Angeles,Pico Robertson Family Resource Ctr,8838 West Pico Boulevard,,Los Angeles,CA,90035,,Los Angeles,310-247-0864 x218,Intakes,877-275-4537,310-247-0534,http://www.jfsla.org,34.0547214,-118.3847711,MH,1,,,,,,1,,,1,1,1,1,,,,1,,,1,,,1,,,,1,,,,,,,1,1,1,1,1,,1,,,,,1,,,,,,,,,1,,,,,,,1,,1,,,,,,,,,1,1,,,,,,1,,,,,,,1,,1,,,,,,1,1,1,1,,,1,,,,,,,,,,,,,,,,,,,,,,,,,,,,,,,,,,,,1,,,,,,,,,,,,,1,,,,1,,,,,,,,,1,,,,,,,
Didi Hirsch Mental Health Services,Inglewood Center,323 North Prairie Avenue,Suite 450,Inglewood,CA,90301,,Los Angeles,310-677-7808 x2158,Intake,310-390-8896,,http://didihirsch.org,33.9663825,-118.3442772,MH,1,,,,,,1,,,1,1,1,1,,1,,1,,,,1,,,,,,1,,,,,,,1,1,1,,,,1,,,,1,1,,,,1,,,,,1,,,,,,,,,1,1,,,1,,,,,,1,,,1,,,1,,,,,,,1,,1,,,,,,1,,,,,,1,,,,,,,,,,,,,,,,,,,,,,,1,,,1,1,,,,,,,,,,,,,,,,,,,,,,,,,,,,,,,,,,,,,,,,,,
San Gabriel Valley Medical Center,Behavioral Medicine Unit,438 West Las Tunas Drive,,San Gabriel,CA,91776,,Los Angeles,626-300-7300,,,,http://www.sgvmc.com/,34.100917,-118.1055926,MH,1,1,,,,,,,,1,,1,,,,,,1,,,1,,,1,,,,,,,,,,,1,1,,1,,,,,,,,,,,1,,,,1,,,,,,,,1,,,,,,,,,,,,1,,,,,,,,,,,1,,,1,,,,,,,,,,1,,1,,,,,,,,,,,,,,,,,,,,,,,,,,,,,,,,,,,,,,,,,,,,1,,,,,,,,,,,,,,,,,,,,,,,,,,
CAST Centers,,630 North Doheny Drive,,West Hollywood,CA,90069,,Los Angeles,310-873-3935,Intake,866-283-9885,,http://www.castcenters.com,34.0820416,-118.3895426,MH,1,,,,,1,,,,1,1,1,1,1,,1,,1,,,,1,,,,1,1,,,,,,,1,,,,1,,,,,,,,,,,,,,,,,1,1,,,,,,,,,,,,,,,,,1,,,,,,1,,,,,,,,,,,,,,,,1,1,1,1,1,,,,1,,,,,,,,,,,,,,,,,,,,,,,,,,,,,,,,,,,,,,,,,,,,,,,,,,,,,,,,,,,,,,,,,,
Uplift Family Services,,3680 East Imperial Highway,Suite 220,Lynwood,CA,90262,,Los Angeles,323-769-7174,Intake,323-769-7171,,http://www.upliftfs.org/,33.9318538,-118.2009874,MH,1,,,,,,1,,,1,1,,1,,1,,1,1,,1,1,,,,,,1,,,,,,,,1,,1,1,,1,,,,,1,,,,1,,,,1,1,,,,,,,,,1,1,,,1,,,,,,1,,1,,,,1,,,,,,,1,,,,,,,,1,1,1,,,,1,,,,,,,,1,,,,,,,,1,,,,1,,1,1,,1,1,1,1,,,,,1,1,,1,,,,,,,,,,,,,,,,,,,,,,,,,,,,,,,,,
Aviva Family and Childrens Services,,3680 East Imperial Highway,Suite 520,Lynwood,CA,90262,,Los Angeles,323-876-0550,,,,http://www.aviva.org/,33.9318538,-118.2009874,MH,1,,,,,,1,,,1,1,1,1,,1,,1,,,,,1,,,,,1,,,,,,,1,1,,1,1,,1,1,,,,,1,1,,1,,1,1,,1,,1,,,,,,,1,1,,,1,,1,,,,1,,,,,,1,,,,,,,1,,,,,,,,1,1,,,,,1,,,,,,,,,,,,,,,,,,,,,,,,,,,,,,,,,,,,1,,,,,,,,,,,,,,,,,,,,,,,,,,,,,,,,,
Insight Treatment Programs,,769 North Orange Grove Boulevard,,Pasadena,CA,91103,,Los Angeles,800-599-8820,Intake,,818-501-3512,http://www.insighttreatment.com,34.1564572,-118.1540736,MH,1,,,,,,1,,,1,1,1,1,1,1,1,1,1,,1,1,,,,,1,1,,,,,,,1,,,,1,1,,,,1,,,,,,1,,,,,,1,1,,,1,,,,1,1,,,1,,1,1,1,1,1,,1,1,,1,1,,1,,,,,1,1,1,,,,,,1,1,,,,1,,,,1,,,,,,,,,,,,,,,,,,,,,,,,,,,,,,,,,,1,1,,,,,,,,,,,,,,,,,,,,,,,,,,,,,,,
Drew Child Development Corporation,,3737 Martin Luther King Jr Boulevard,Suite 550,Lynwood,CA,90262,,Los Angeles,323-249-2950 x2940,Intakes,323-249-2950 x1220,323-249-2950 x2760,http://www.drewcdc.org,33.9288026,-118.2002791,MH,1,,,,,,1,,,1,1,1,1,,,,1,,,,1,,,,,,1,,,,,,,,1,1,,,,,,,,,1,,1,,1,1,,,,1,,,,,,,1,,1,1,,,1,,1,,,,1,,,1,,,1,,,,,,,1,,1,,,,,,1,1,1,,,,1,,,1,,,,,,,,,,,,,,,,,,,,,,,,,,,,,,,,,,,,,,,,,,,,,,,,,,,,,,,,1,,,,,,,,,,
Southern California Hlth/Rehab Prg,,2620 Industry Way,,Lynwood,CA,90262,4024,Los Angeles,310-627-4566 x2713,,,,http://www.scharpca.org,33.9233014,-118.2258901,MH,1,,,,,,1,,,1,1,1,1,,1,1,1,,,1,1,,,,,,1,,,,,,,1,1,1,1,,,,1,,,,1,,,,,,1,,,1,1,,,,,,,,1,1,1,,1,,1,,,1,1,,,1,,,1,1,,,,,,1,1,1,1,1,,1,,1,1,1,1,,,1,,,1,,,,1,1,,,,,,,,1,,1,1,,,1,1,1,1,1,1,1,,,,,,,,,,1,,,,,,,,,,,,,,,,,,,,,,,,,,,,,,,
Fuller Psychological and Family Serv,,180 North Oakland Avenue,,Pasadena,CA,91101,,Los Angeles,626-584-5555,,,,http://www.fuller.edu/fpfs/,34.1491846,-118.1394556,MH,1,,,,,,1,,,1,1,1,1,,1,,1,,,1,1,,,,,,1,,,,,,,1,,,,1,,,,,,,,,,,,,1,,,1,,,,,,,,,,,,,,,,,,,,,,1,,,1,,,,,,,,,1,,,,,,1,1,1,1,,,1,,,,,,,,,,,,,,,,,,,,,,,,,,,,,,,,,,,,1,,,,,,,,,,,1,,,,,,,,,,,,1,,,,,,,,,,
Southern California Hosp/Culver City,,3828 Delmas Terrace,,Culver City,CA,90232,,Los Angeles,310-836-7000 x6611,Intake,800-565-0558,,http://,34.0232001,-118.3969128,MH,1,1,,,,,,,,1,,1,1,1,,1,1,1,,1,,1,,1,,,1,,,,,,,1,1,1,1,1,,1,,,,,,,,,,1,,,1,,1,,,,,,1,,,,1,,,,,,1,1,1,1,1,,1,1,,1,,1,1,1,1,1,1,1,,1,,1,,,1,1,1,,1,,,,1,,1,,1,1,1,1,1,1,1,1,1,1,1,,1,1,1,1,1,,1,1,1,1,,,,,1,,,,,,1,1,1,1,1,,,,,,,,,,,,,,,,,,,,,,,,,,
Five Acres Boys and Girls Aid Soc of,Los Angeles County,867 North Fair Oaks Avenue,,Pasadena,CA,91103,,Los Angeles,626-798-6793,Intake,626-798-6793 x4711,,http://www.5acres.org/community-based-services/,34.1608849,-118.1508967,MH,1,,,,,,1,,,1,1,,1,,1,,1,1,,1,1,,,,,,1,,,,,,,,1,,,1,,1,1,,,,,,,,,,,,1,1,,1,,,,,,,1,1,,,,,1,,,,1,,,,,,1,,,,,,,1,,1,,,,,,1,1,,,,,1,,,,,,,,,,,,,,,,,,,,,,,,,,,,,,,,,,,,,,,,,,,,,,,1,,,,,,,,,,,,,,,,,,,,,,
Didi Hirsch Mental Health Services,Excelsior House,1007 Myrtle Avenue,,Inglewood,CA,90301,4009,Los Angeles,310-412-4191,Intakes,310-895-2343,310-855-0031,http://www.didihirsch.org/,33.9506527,-118.3497789,MH,1,,,1,,,,,,1,1,1,1,1,1,1,1,1,,1,,1,,,1,,,,,,,,,,1,1,1,,,,,,,,,,,,1,,,1,,,,1,,,,1,1,1,1,,1,,1,,1,,,,1,,1,,1,1,1,1,1,,,1,1,1,,1,1,1,,1,1,,1,1,,,,1,,,1,,1,,,1,,,,,,,,1,,,,1,1,1,1,,,1,1,,,,,,,,,,,1,,,1,,1,,,,,,,,,,,,,,,,,,,,,,,,,,
Heritage Clinic,,447 North El Molino Avenue,,Pasadena,CA,91101,1403,Los Angeles,626-577-8480,Intake,626-577-8480 x0,,http://www.heritageclinic.org,34.1536282,-118.1372917,MH,1,,,,,,1,,,1,1,1,1,1,1,1,1,,,1,,1,,,,,1,,,,,,,1,1,1,,1,,,,,,,1,,,,,,,,,1,,,,,,1,1,,,,1,1,,,,,,1,1,,,1,,,1,1,,,,,,1,,1,,1,,,,,,1,1,,,1,,,1,,,,,,,,,,,,,,,,,,,,,,,,,,,,,,,,,,,,,,,,,,,,,,,,,,,,,,,,,,1,,,,,,,,
View Heights Convalescent Hospital,,12619 Avalon Boulevard,,Los Angeles,CA,90061,,Los Angeles,323-757-1881,,,,http://www.viewheights.com,33.918282,-118.265647,MH,1,1,,,,,,,,1,,1,1,1,1,1,1,1,,,,1,,1,,,,,,,,,,1,1,1,1,1,,1,,,,,1,,,1,,,,,,1,1,,1,,,,,,1,,1,,,,,,1,,,1,,,1,,1,,1,1,,,,1,,1,,1,,,,,1,1,,,1,,,,1,,1,1,1,1,1,1,,,,,,,,,,,,,,,,,,,,,,,,,,,,,,,,,,,,,,,,,,,,,,,,,,,,,,,,,,,
Counseling4Kids,,601 South Glenoaks Boulevard,Suite 200,Burbank,CA,91502,,Los Angeles,818-441-7800,,,,http://www.counseling4kids.org,34.179083,-118.3013075,MH,1,,,,,,,1,,1,1,1,1,1,1,1,1,,,1,,1,,,,,1,,,,,,,1,1,,,,,,1,,,,1,,,,,,,,,1,1,,,,,,,,1,1,,,1,,,,,,1,,,1,,,1,,,,,,,1,,,,,,,,1,1,,,,,1,,,1,,1,,,,,,,,,,,1,,1,1,1,,1,1,1,,1,1,1,,,,,,,,,,1,,,,,,,,,,,1,,,,1,,,,,,,,,,1,,,,,,
Hathaway/Sycamores Child/Family Servs,Oakland Campus,851 North Oakland Avenue,,Pasadena,CA,91104,,Los Angeles,626-685-2197,Intakes,844-222-2377,626-395-7100,http://Hathaway-Sycamores.org,34.1602695,-118.140749,MH,1,,,,,,,1,,1,1,,1,,1,1,1,,,1,,1,,,,,1,,,,,,,,1,1,,,,1,1,1,1,1,1,1,1,,1,,,,1,1,1,,,,,1,,,1,,1,,1,,1,,,1,1,,1,1,,,1,,,,,,,,1,1,,1,,,1,1,1,1,,,,1,,,1,,,,,,,,,,,,,,,,,,,,,,,,,,,,,,,,,,,,,,,,,1,,,,,,,,,,,,,,,,,,,,,,,,,
Comprehensive Psychiatric Services,,6167 Bristol Parkway,Suite 260,Culver City,CA,90230,,Los Angeles,424-331-5604,,,,http://,33.9849916,-118.390842,MH,1,,,,,,1,,,1,1,1,1,1,1,1,1,1,1,1,1,,,,,,1,,,,,,,1,,1,,1,1,,,,,,,,,1,,1,1,,,1,1,1,1,1,1,1,1,1,,1,,1,1,1,1,,1,,,,,1,,,,,,,,,,,1,1,,,,,,1,1,1,1,,1,,,,1,,1,1,1,1,1,1,1,1,1,1,1,1,1,1,1,1,1,1,1,1,1,1,1,1,1,,1,,1,,,,,,,,,,,1,,,1,1,1,1,,,1,1,,1,,,,,1,1,1,,,,,,
Vista Del Mar Child and Family Servs,Residential Services,3200 Motor Avenue,,Los Angeles,CA,90034,,Los Angeles,310-836-1223,Intake,310-836-1223 x750,,http://www.vistadelmar.org,34.0314858,-118.4104719,MH,1,,1,,,,,,,1,1,1,1,1,1,,1,1,,,1,,,,1,,,,,,,,,1,1,1,1,1,1,1,1,1,1,1,1,1,1,,,,,,,,,,,,,,,,,1,,,,,,,,1,1,,,,1,1,1,,,,,,,1,,1,1,,,,1,1,,,,1,,1,,,1,,,,,,,,,,,,,1,,,,1,,1,1,1,1,1,1,1,,,,,,,1,1,,,,1,1,1,1,,,,,,,,,,,,,,,,,,,,,,,,,,
Vista Del Mar Outpatient Center,,3200 Motor Avenue,,Los Angeles,CA,90034,,Los Angeles,310-836-1223 x500,,,,http://www.vistadelmar.org,34.0314722,-118.4104764,MH,1,,,,,,1,,,1,1,1,1,,,,1,,,1,1,,,,,,1,,,,,,,1,,1,,1,,1,1,,,,1,,,,,,1,,,1,,,,,,,,,1,1,,,1,,1,,,,1,,,,,,1,,,,,,,1,,,,,,,,1,1,,,,,1,,,1,,,,,,,,,,,,,1,,,,,,,,,,,1,1,,,,,,,,1,,,,,,,,,,,,,1,,,,,,,,,,,,,,,,,,,,
Didi Hirsch Mental Health Services,Headquarters,4760 Sepulveda Boulevard,,Culver City,CA,90230,,Los Angeles,310-390-6612,Intakes,310-390-8896,888-807-7250,http://www.didihirsch.org/,34.001581,-118.403787,MH,1,,,,,,1,,,1,1,1,1,1,1,1,1,1,,1,1,,,,,,1,,,,,,,1,1,1,,,,,,,,,,,,,1,,1,1,1,1,1,,,,,,1,,1,,1,,1,,1,,,1,1,,1,1,1,1,1,1,1,1,,,,1,1,1,1,,,1,1,1,1,1,1,,,1,,,1,,1,,1,1,1,1,1,1,1,1,1,1,1,1,1,1,1,1,1,1,1,1,1,1,,,,,1,1,,,,,,,,,,,,,,,1,,,,,,,,,,,,,,,,,,,,
Ketamine Clinics of Los Angeles,,6801 Park Terrace,Suite 525,Los Angeles,CA,90045,1543,Los Angeles,310-270-0625,,,,http://www.ketamineclinics.com,33.9776679,-118.3930786,MH,1,,,,,,1,,,,,,,,,,,,,,1,,,,,,1,,,,,,,1,,,,,,,,,,,,,,,,,,,,1,,,,,,,,,,,,,,,,,,,,,,,,,,,,,,,,,,1,,,,,,1,1,1,1,,1,,,,1,,,,,,,,,,,,,,,,,,,,,,,,,,,,1,,,,,,,,,,,,,,,,,,,,,,,,,,,,,,,,,,,,,,
Starview Community Services and,Teammates,9040 Telstar Avenue,Suites 101 and 102,El Monte,CA,91731,,Los Angeles,626-774-5809,Intake,888-535-3288,,http://www.starsinc.com,34.0684642,-118.0697433,MH,1,,,,,,1,,,1,1,1,1,,1,,1,,,1,,1,,,,,1,,,,,,,,1,,,,,,1,1,,,1,,,,,,,,,1,,,,,,,,,,,,,,,,,,1,1,,,,,,1,,,,,,,1,,,,,,,,1,1,,,,1,,,,1,,,,,,,,,,,,,,,,,,,,,,,,,,,,,,,1,,,,,,,,,,,,,,,,,,,,,,,,,,,,,,,,,,,
BHC Alhambra Hospital,,4619 North Rosemead Boulevard,,Rosemead,CA,91770,1478,Los Angeles,626-286-1191,Intake,626-286-1191 x268,,http://www.bhcalhambra.com,34.088669,-118.073856,MH,1,1,,,,,,,,,,1,1,1,1,1,1,1,,1,,1,,1,1,1,1,,,,,,,1,1,1,,1,1,,,,,,,,,1,1,1,,,1,,,,,,,,,,,1,1,,,,,1,,1,1,1,,1,,,,,1,,,,,1,,1,,,,,,,,,,1,1,,,,1,,,,,,,,,,,,,,,,,,,,,,,,,,,,,,,,,,,,,,,,,,,,,,,,,,,,,,,,,,,,,,,,,,
Airport Marina Counseling Services,,7891 La Tijera Boulevard,,Los Angeles,CA,90045,3145,Los Angeles,310-670-1410 x101,Intake,310-670-1410,,http://www.airportmarina.org,33.965452,-118.385675,MH,1,,,,,,1,,,1,1,1,1,,,,,,,,1,,,,,,1,,,,,,,1,,,,,,,,,,,,,,,,,,,,1,,1,,,,,,,,,,,,,,,,,,,,1,,,,,,,,,,,,,,,,,,1,1,1,1,,,1,,,,,,,,,,,,,,,,1,,,,,,,1,,,1,1,,1,,,,,,,,,,,,,,,,,,,,,,,,,,,,,,,,,,,,,,,,
Comprehensive Psychiatric Services,,2335 East Colorado Boulevard,Suite 115-327,Pasadena,CA,91107,,Los Angeles,833-277-0071,,,,http://,34.1464484,-118.1026207,MH,1,,,,,,1,,,1,1,1,1,1,1,1,1,1,1,1,1,,,,,,1,,,,,,,1,,1,,1,1,,,,,,,,,1,,1,1,,,1,1,1,1,1,1,1,1,1,,1,,1,1,1,1,,1,,,,,1,,,,,,,,,,,1,1,,,,,,1,1,1,1,,1,,,,1,,1,1,1,1,1,1,1,1,1,1,1,1,1,1,1,1,1,1,1,1,1,1,1,1,1,,1,,1,,,,,,,,,,,1,,,1,1,1,1,,,1,1,,1,,,,,1,1,1,,,,,,
Pacific Clinics,Asian Pacific Family Center,9353 East Valley Boulevard,,Rosemead,CA,91770,,Los Angeles,626-287-2988,,,,http://www.pacificclinics.org,34.0816653,-118.0651244,MH,1,,,,,,,1,,1,1,1,1,,,1,1,1,,1,,1,,,,,1,,,,,,,,1,1,1,,,1,1,1,,,1,1,,,1,,,1,,,,,,,,,1,,,1,1,,,,1,,1,1,1,,1,1,,,1,1,1,1,,,,1,1,1,1,,,,,,,,,,,1,,,,,,,,,,,,,,,,,,,,,,,,,,,,,,,,,,,,,,,,,,,,,,,1,,,,,,,,,,,1,1,,,,,1,,,,,
Verdugo Hills Hospital,Stepping Stones Inpatient Program,1812 Verdugo Boulevard,,Glendale,CA,91208,,Los Angeles,818-952-2270,,,,http://www.uscvhh.org,34.2045351,-118.216049,MH,1,1,,,,,,,,1,,1,,,1,1,1,1,,1,1,,,1,,,,,,,,,,1,,1,,1,,,,,,,,,,,1,1,,,1,1,,1,1,,1,,1,1,1,,,1,1,1,,,,,,,,1,1,,1,,,1,1,1,,,1,1,,,,1,,,,,1,,1,,,,1,,1,,,1,,,,,,,,1,,,,,,1,1,,,1,1,1,,,,,1,1,,1,,1,,,,,,,,,,,1,,,,,,,1,,1,1,,,1,1,,,,,,
Verdugo Hills Hospital,Stepping Stones Outpatient Services,1812 Verdugo Boulevard,Suite 420,Glendale,CA,91208,,Los Angeles,818-949-4011,Intakes,818-790-7100,818-952-2270,http://uscvhh.org,34.2045351,-118.216049,MH,1,,,,,1,,,,1,,1,1,1,,1,1,,,1,1,,,,,1,,,,,,,,1,,1,,1,,,,,,,,,,,,,,,1,1,,1,1,,1,,1,,1,,,1,,1,,,,,,,,,1,,1,,,,,,,,,1,,,,,,,,,1,,1,,,,1,,,,,,,,,,,,,,,,,,,,,,,,,,,,,,,,,1,,,,,,,,1,,,,,,,,,,,,,,,,,,,,,,,,,
Pacific Asian Counseling Services,,8616 La Tijera Boulevard,Suite 200,Los Angeles,CA,90045,,Los Angeles,310-337-1550,Intake,310-337-1550 x2016,,http://www.pacsla.org,33.95917,-118.391574,MH,1,,,,,,1,,,1,1,,1,,1,1,1,1,,1,,,1,,,,1,,,,,,,,,,1,,,1,,,,1,1,1,1,,1,,,,,1,1,,,,,1,1,,,1,1,,1,,1,,,1,1,,1,1,,1,1,1,,,,,,1,1,1,1,1,1,,1,1,1,1,1,,,1,,,1,,,,,,,1,,,,,,1,,,,1,,,1,1,1,1,1,,,,,,,1,,1,,,,,,,,1,,,1,,,,,,,,,1,,1,1,,,,1,1,,,,,
Aurora Las Encinas Hospital,,2900 East Del Mar Boulevard,,Pasadena,CA,91107,,Los Angeles,626-356-2650,Intakes,800-792-2345,626-795-9901,http://www.lasencinashospital.com,34.140786,-118.09133,MH,1,1,,,,,,,,1,1,1,1,,1,1,1,1,,1,,1,,1,,1,1,,,,,,,1,1,1,1,1,1,1,1,1,1,1,1,1,1,1,1,1,,,1,1,1,1,1,1,1,1,1,1,,1,1,,1,,1,,,1,1,1,,,1,1,1,,,,,1,1,1,1,1,,,,1,,1,1,1,1,1,1,,,,1,,1,,1,1,1,1,,1,1,1,1,1,1,1,1,1,,1,1,1,,1,1,1,,,,,1,1,,,1,1,1,1,1,1,1,,,,1,,,,,,,,,,,,,,,,1,,,,,,
Pacific Clinics,Child and Fam Specialty Services Div,2550 East Foothill Boulevard,2nd Floor,Pasadena,CA,91107,,Los Angeles,626-744-5230 x2404,Intake,626-744-5230,,http://,34.1496063,-118.097957,MH,1,,,,,,1,,,1,1,1,1,,1,1,1,,,1,1,,,,,,1,,,,,,,,1,1,1,,,1,1,1,,1,1,,,,1,,,1,1,1,1,,,,,,,,1,1,,,1,,1,,,1,1,,,1,,,1,1,,,,,,1,,1,,,,,,1,1,,,,,1,,,1,,,,,,,,,,,,,,,,,,,,,,,,,,,,,,1,1,,,,,,,,,,,,,,,,,,,,,,,,,,,,1,,,,,,,
Prototypes Program of HealthRIGHT 360,Outpatient Behavioral Health Treatment,2650 East Foothill Boulevard,,Pasadena,CA,91107,,Los Angeles,626-577-2261,Intakes,909-634-2950,626-577-2163,http://www.prototypes.org,34.149613,-118.0956708,MH,1,,,,,,,1,,1,1,1,1,1,1,1,1,1,,1,1,,,,,,1,,,,,,,,1,,,,,1,,,,,1,,,,1,,,1,,1,1,1,,,,,,,1,1,1,,,,,,,1,1,,1,1,,,1,,,,,,,1,1,1,,,,,1,1,1,1,1,,,1,,,1,,,1,,,,,,,,,,1,1,1,1,1,1,1,1,1,1,1,1,1,,,,,1,,,,,1,,,,,,,,,1,,,,,,,,,,,,,,,,,,,,,,
Coastal Asian Pacific Islander Family,Mental Health Center,14112 South Kingsley Drive,,Gardena,CA,90249,,Los Angeles,310-217-7312,,,,http://dmh.lacounty.gov/,33.9029285,-118.3039273,MH,1,,,,,,1,,,1,,1,1,,1,1,1,1,,1,1,,,,,,1,,,,1,,,1,1,1,,,,1,,,,,1,,,,1,,1,1,,1,1,,,,,1,1,,1,1,1,,1,,1,1,,,1,,1,1,1,,1,,,,,,,1,,1,1,1,,,1,1,1,1,1,,,,,,1,,,,,1,1,1,,,1,1,1,1,1,1,1,1,1,1,1,,1,1,1,1,,,,,,1,,,,,,,,,,1,,,1,,,,,,,1,1,,,1,1,,,,1,1,,,,,
Hathaway/Sycamores Child/Family Servs,El Nido Residential,2933 North El Nido Drive,,Altadena,CA,91001,,Los Angeles,626-243-9043,Intakes,844-222-2377,626-395-7100,http://hathaway-sycamores.org,34.1960124,-118.1658889,MH,1,,1,,,,,,,1,1,1,1,,1,1,1,,,1,,1,,,1,,1,,,,,,,,1,1,,,,1,1,1,1,1,1,,1,,1,,,,1,1,1,,,,,1,,,1,1,,,1,,,,,1,1,,1,1,,,1,,,,,,,,1,1,,,1,,,1,,,,,,1,,,1,,,,,,,,,,,,,,,,,,,,,,,,,,,,,,,,,,,,,,,,,,,,,,,,,,,,,,,,,,,,,,,,,,
Bridges to Recovery,,10201 Charing Cross Road,,Los Angeles,CA,90024,,Los Angeles,310-275-4620,,,,http://www.bridgestorecovery.com,34.079219,-118.4305523,MH,1,,,1,,,,,,1,1,1,1,1,,1,1,1,,1,,1,,,1,,,,,,,,,1,,,,1,,,,,,,,,,,,,,,,,,,,,,,,,1,,,,1,,,,,,1,,,,1,,1,,,1,,1,1,,1,1,,,,1,,,1,1,1,1,1,,,,1,,,,,,,,,,,,,,,,,,,,,,,,,,,1,,,,,,,,,,,,,1,,,,,,,,,,,,,,,,,,,,,,,,,,
Compton Family Mental Health Services,,921 East Compton Boulevard,1st Floor,Compton,CA,90221,,Los Angeles,310-668-6800,,,,http://dmh.lacounty.gov,33.8963309,-118.2130965,MH,1,,,,,,1,,,1,1,1,1,,1,1,1,,,1,,1,,,,,1,,,1,,,,1,1,1,,,,,,,,1,1,,,,,1,1,1,,1,1,1,1,,,1,1,1,1,1,1,1,1,,1,,,,1,,,,,,1,1,,,,,,1,1,1,,,,,1,1,1,1,1,,,,,,1,,,,,,,,,,,,,,,,,,,,,,,,,,,,,,,,,,,1,,,,,,,,,,,,,,,,,,,,,,,,,,,,,,,
Resilience Treatment Center,,10780 Santa Monica Boulevard,Suite 400,Los Angeles,CA,90025,7616,Los Angeles,800-693-9100,,,,http://resiliencetreatment.com,34.050292,-118.4339714,MH,1,,,,,1,,,,1,1,1,1,1,,,,,,1,,1,,,1,1,1,,,,,,,1,,,,1,,,,,,,,,,,,,,,,,,,,,,,,,,,1,,,,,,,,,,,,,,,,,,,,,,,,,,,,,,1,1,1,,1,,,,1,,1,,,,,,1,1,1,,1,1,,,,1,,1,1,,1,1,1,,,,,,,,,,,,,,,,,,,,,,,,,,,,,,,,,,,,,,,,,,
Discovery Mood and Anxiety Program,Downey,9844 Pangborn Avenue,,Downey,CA,90240,3534,Los Angeles,866-457-5205,,,,http://discoverymood.com/locations/downey/,33.9446129,-118.1026357,MH,1,,1,,,,,,,1,1,1,1,1,1,1,1,1,,,1,,,,1,,,,,,,,,1,,,1,1,1,1,1,,1,1,1,,,,,,,,,,,1,,,,,,,1,1,,,1,,,,,,,,,,1,,1,,,1,,,,,,,,,,,,1,,,,1,1,,,,,,,,,,,,,,,,,,,,,,,,,,,,,,,,,,,,,,,,,,,,,,,,,,,,,,,,,,,,,,,,,,,,,,
Silicon Beach Treatment Center,,8929 South Sepulveda Boulevard,Suite 200,Los Angeles,CA,90045,3643,Los Angeles,833-527-3422,,,,http://www.siliconbeachtx.com,33.9549428,-118.3965314,MH,1,,,,,,,,1,1,1,1,1,1,1,1,1,1,,1,,1,,,,1,1,,,,,,,1,,,,1,,,,,,,,,,,1,,,,,,1,1,1,,,,,1,1,,,,1,,,1,1,1,1,,1,1,1,1,1,1,,1,,,1,1,,1,1,,,,1,,1,1,1,,1,,,,1,,,,,,,,,,,,,,,,,,,,,,,,,,,1,,,,,,,1,,1,1,1,1,1,,,,,,,,,,,,,,,,,,,,,,,,,,
Edelman Westside Mental Health Ctr,,11080 West Olympic Boulevard,,Los Angeles,CA,90064,,Los Angeles,310-966-6500,Intake,310-966-6511,,http://,34.0401449,-118.4374396,MH,1,,,,,,1,,,1,,1,1,1,,1,1,,,1,,1,,,,,1,,,,1,,,1,1,1,1,,,1,,,,,1,,,,1,1,,,1,1,1,,,,,,1,,1,,1,,1,,1,,,,1,,1,,1,1,1,1,1,,,1,1,,1,1,1,1,,1,,,1,1,1,,,,,,1,,1,,1,1,1,1,1,,1,,1,1,1,1,1,1,1,1,1,,1,1,1,1,,,,,,1,,,,,1,1,1,,,,,,,,1,,,,1,,,,,,1,,,1,,1,,,,,
Westside Treatment,,11150 West Olympic Boulevard,Suite 760,Los Angeles,CA,90064,,Los Angeles,888-995-7687,,,,http://www.westsidetreatment.com,34.039169,-118.4388699,MH,1,,,,,,,,1,1,1,1,1,1,1,1,1,1,,1,,1,,,,1,1,,,,,,,1,,,,1,,,,,,,,,,,,,,,,,1,1,,,,,1,,1,,1,,1,,1,,1,1,1,,,,1,,1,1,,,,,,,,,,,,,,,1,1,1,,1,,,,1,,1,,,,1,1,,,,,,,,1,1,1,1,1,1,1,1,1,1,1,,,,,,,,,1,1,,,,,,1,,,,,,,,,,,,,,,,,,,,,,,,,
Clearview Treatment Programs,Outpatient Center,1334 Westwood Boulevard,,Los Angeles,CA,90024,,Los Angeles,800-573-0770,,,,http://www.clearviewtreatment.com,34.05639,-118.441993,MH,1,,,,,,1,,,1,1,1,1,1,1,1,1,,,,,1,,,,1,1,,,,,,,1,,,,1,,,,,,,,,,1,,,1,,,,1,,,,,,,,1,,,,1,,,,,,1,,,,1,,,,,,,,,,,,,,,,,,1,1,1,,1,,,,,,,,,,,,,,,,,,,,,,,,,,,,,,,,,,,,,,1,,,,,,1,,,,,,,,,,,,,,,,,,,,,,,,,,
Resnick Neuropsychiatric Hospital at,UCLA,150 Westwood Plaza,,Los Angeles,CA,90095,,Los Angeles,310-825-0511,Intake,310-825-9989,,http://www.uclahealth.org/resnick/,34.0727933,-118.4447896,MH,1,1,,,,,,,,1,,1,1,1,1,1,,1,1,1,1,,,1,,1,1,,,,,,,1,1,1,1,1,1,1,1,1,,1,1,,,1,,,,,1,1,,,,,,,,,,,,1,,,,1,,,1,,,,,1,1,,1,1,,1,1,1,1,1,,,,,,1,1,1,1,,,1,,,1,,1,,1,1,,,,,,,,,,,,,,,,,,,,,,,1,,,,,,,,,,,,,,,,,,,,,,,,,,,,,,,,,,,,,,
Pacific Clinics,Child and Tay FSP and CCSP Programs,11731 Telegraph Road,Suite G,Santa Fe Springs,CA,90670,,Los Angeles,562-942-8256,Intake,877-722-2737,,http://,33.9470957,-118.0832347,MH,1,,,,,,1,,,1,1,1,1,,1,1,1,,,1,,1,,,,,1,,,,,,,,,1,1,,,1,,,,1,1,,,,,,,1,1,1,1,1,,,,,,,1,1,1,,1,,1,,,1,1,,1,1,,1,1,1,,1,,,,1,1,1,1,1,1,1,1,1,1,,,,,1,,,1,,,,,1,1,,,,,,,1,,,,,1,1,1,1,1,1,1,,,,,,,,,,,,,,,,,,,,,,,,,,,,,,,,,,,,,,,,,,
LAT Intensive Outpatient Programs,,4551 Glencoe Avenue,Suite 255,Marina del Rey,CA,90292,,Los Angeles,310-572-7000,,,,http://www.lifeadjustmentteam.com,33.9835135,-118.4336071,MH,1,,,,,,1,,,1,,1,1,1,1,1,1,1,,1,,1,,,,,1,,,,,,,1,,,,1,,,,,,,,,,,,,,,,,1,,,,,,,,,,1,,,,,,,,,,1,1,,,,,,,,,,,1,,,,,,,,1,1,1,,1,,,,1,,,,,,,,,,,,,,,,,,,,,,,,,,1,,,,,,,,,,,,,,,,,,,,,,,,,,,,,,,,,,,,,,,,
Santa Fe Springs VA Clinic,,10330 Pioneer Boulevard,,Santa Fe Springs,CA,90670,,Los Angeles,562-347-2200,,,,http://www.longbeach.va.gov/locations/Whittier_Santa_Fe_Springs_Clinic.asp,33.9424757,-118.0813118,MH,1,,,,,,,,,1,,1,1,,1,1,1,1,,1,,1,,,,,1,1,,,,,,,,,,1,,,,,,,,,,1,1,,,,1,,,,1,,,,,,,,,,1,1,,,,,,,,,1,,,,,,,1,1,,1,1,,,,1,,,1,1,1,,,,,1,1,,,,,,,,,,,,,,,,,,,,,,,,,,,,,,,,,,,,,,,,,,,,,,,,,,,,,,,,,,,,,,,,,,
Star View Community Services,,1303 West Walnut Parkway,,Compton,CA,90220,5804,Los Angeles,310-868-5379 x170,Intake,310-868-5379 x237,,http://www.starsinc.com/los-angeles-county/,33.8777089,-118.2441767,MH,1,,,,,,1,,,1,1,1,1,,1,,1,,,1,,1,,,,,1,,,,,,,,1,,1,,,1,1,1,1,1,1,,,,1,,,1,1,1,,,,,,,,,1,1,,,1,,1,,,1,1,1,,1,,,1,,,,,,,1,1,1,,,,,,1,1,1,,,1,,,,1,,,,,,,,,,,,,1,,,,,,1,1,,,1,1,,,,,,,1,,,,,,,,,,,,,,,,,,,,,,,,,,,,,,,,,,,
Discovery Mood and Anxiety Program,Whittier,11911 Washington Boulevard,,Whittier,CA,90606,2607,Los Angeles,866-457-5205,,,,http://discoverymood.com/locations/whittier/,33.9692961,-118.0578284,MH,1,,1,,,,,,,1,1,1,1,1,1,1,1,1,,,1,,,,1,,,,,,,,,1,,,1,1,1,1,1,,1,1,1,,,,,,,,,,,1,,,,,,,1,1,,,1,,,,,,,,,,1,,1,,,1,,,,,,,,,,,,1,,,,1,1,,,,,,,,,,,,,,,,,,,,,,,,,,,,,,,,,,,,,,,,,,,,,,,,,,,,,,,,,,,,,,,,,,,,,,
VA Greater LA Healthcare System,West Los Angeles Healthcare Center,11301 Wilshire Boulevard,,Los Angeles,CA,90073,,Los Angeles,310-478-3711,,,,http://www.losangeles.va.gov,34.0546036,-118.4547279,MH,1,,,,,,,,,1,1,1,1,1,1,1,1,1,,1,,1,,1,1,1,1,1,,,,,,1,1,1,,,1,,,,,,,,,1,1,1,,,1,1,1,1,1,,,1,1,1,1,,1,1,1,1,,,1,1,1,1,1,1,1,1,1,1,,1,1,1,1,1,1,1,1,1,,1,1,,1,1,1,,,,,1,1,,1,,1,1,,,1,1,1,1,,1,1,1,,1,1,1,1,1,1,1,1,1,,,1,1,1,,,,1,1,1,1,1,1,1,,,,,,,1,,,,,,,,,1,,,,,,,,,,
Whole Child,Beverly Office,12225 Beverly Boulevard,,Whittier,CA,90601,,Los Angeles,562-236-4695,Intake,562-692-0383,,http://www.thewholechild.org,33.9884484,-118.0462818,MH,1,,,,,,1,,,1,1,1,1,,1,,1,,,,1,,,,,,1,,,,,,,,1,,,,,,,,,1,1,1,,,,,,,,1,,,,,,,,,1,1,,,1,,,,,,1,,,1,1,,1,,,,,,,,,,,,,,,1,,,,,,1,,,,,,,,,,,,,,,,,,,,,,,,,,,,,,,,,,,,1,,,,,,,,,,,,,,,,,,,,,,,,,,,,,,,,,
Clearview Womens Center,,2474 Glyndon Avenue,,Venice,CA,90291,,Los Angeles,800-573-0770,,,,http://www.clearviewwomenscenter.com/,33.994165,-118.447554,MH,1,,,1,,,,,,1,1,1,1,1,1,1,1,,,,,1,,,1,,,,,,,,,1,,,,1,,,,,,,,,,1,,,,,,,,,,,,,,,1,,,,1,,,,,,1,,,,1,,,,,,,,,,,,,,,,,,1,1,1,,1,,,,,,,,,,,,,,,,,,,,,,,,,,,,,,,,,,,,,,1,,,,,,1,,,,,,,,,,,,,,,,,,,,,,,,,,
Star View Community Services,The TAY Hot Spot,649 East Albertoni Street,Suite 100,Carson,CA,90746,,Los Angeles,310-436-9300,Intake,,888-535-3288 x151,http://www.starsinc.com/star-view-community-services/tay-hot-spot/,33.8724933,-118.264311,MH,1,,,,1,,,,,1,1,1,1,,1,,1,,,,,1,,,1,,,,,,,,,,1,,1,1,,1,1,1,1,1,1,,,,1,,,,,1,,,,,,,1,,1,1,,,1,,1,,,1,1,1,1,1,,,1,,,,,,,1,1,1,,,,,,1,1,1,,,1,,,,1,,,,,,,,,,,,,1,,,,,,1,1,,,1,1,,,,,,1,,,,,,,,,,,,,,,,,,,,,,,,,,,,,,,,,,,,
Whole Child,Mental Health and House,12417 Philadelphia Street,,Whittier,CA,90601,,Los Angeles,562-692-0383,,,,http://www.thewholechild.org,33.9798181,-118.0441169,MH,1,,,,,,1,,,1,1,,1,,1,,1,,,,1,,,,,,1,,,,,,,,1,,,,,,,,,1,1,1,,,,,,,,1,,,,,,,,,1,1,,,1,,1,,,,1,,,1,1,,1,,,,,,,,,,,,,,,1,1,,,,,1,,,,,,,,,,,,,,,,,,,,,,,,,,,,,,,,,,,,,,,,,,,,,,,,,,,,,,,,,,,,,,,,,,,,,
Bayfront Youth and Family Services,,16444 Paramount Boulevard,Suite 203,Paramount,CA,90723,,Los Angeles,562-788-7252,,,,http://www.bayfrontyfs.org,33.8848647,-118.1597186,MH,1,,,,,,1,,,1,1,1,1,,1,1,1,1,,1,1,,,,,,1,,,,,,,,1,,,,,,,,,,,,,,,1,,,,1,1,1,,,,1,1,,1,1,1,,1,,1,,,1,1,,1,,,,1,,,,,,,1,,1,,,,,,1,1,1,1,,,1,,,1,,,,,1,,,,,,,,1,,,,1,,,,,,1,1,1,,,,,,,,,1,1,,,,,,,,,,,,,,,,,,,,,1,,,,1,1,,,,,
Casitas Esperanza,Bridges,11927 Elliott Avenue,,El Monte,CA,91732,,Los Angeles,626-350-5304 x526,Intakes,626-350-5304 x523,626-350-5304 x510,http://www.bridgesrehab.org,34.0580976,-118.0259091,MH,1,,,1,,,,,,1,,,,,,,1,,,1,1,,,,1,,,,,,,,,1,1,1,1,1,,1,1,,,,1,,,,,,,1,,1,1,,,,,,,,1,,1,,,,,,,,1,,1,,,,,1,,,,,,1,,1,,,,1,,,1,1,,,,1,,,,,,,,1,1,,,,,,,1,,1,,1,1,1,1,1,1,1,1,1,,,,,,,,,,,,,,,,,,,,,,,,,,,,,,,,,,,,,,,,,
Guidance Center,The Compton/Lynwood Clinic,901 West Victoria Street,Suites F and G,Compton,CA,90220,5807,Los Angeles,310-669-9510,,,,http://www.tgclb.org/,33.86779,-118.239012,MH,1,,,,,,,1,,1,1,1,1,1,,1,1,,,1,,1,,,,,1,,,,,,,1,,,,,,1,1,,1,,1,,,,,,,,,1,,1,,,,,,,1,1,,,1,,1,,,1,1,1,,1,,,1,,,,,,,1,,,1,,,,1,1,1,1,,,,1,,,,,1,,,,,,,,,,,1,,,,1,,,1,,,1,1,1,,,,,,,,1,,,,,,,,,,,,,,,,,,,,,,,,,,,,,,,,,
Help Group,,13130 Burbank Boulevard,,Van Nuys,CA,91401,6037,Los Angeles,818-781-0360,Intake,818-267-2753,,http://www.thehelpgroup.org,34.1718143,-118.4192274,MH,1,,,,,,,,1,1,1,1,1,1,1,,1,1,,1,,1,,,1,1,1,,,,,,,1,1,,1,,,,1,,,,,,,,,,,,1,1,,1,,,,,,,1,1,,,1,,1,1,,,1,,1,,,1,1,,,,,,,1,,,1,,,,1,1,1,1,,,,1,,,,,,,,,,,,,,,,1,,,,,,,1,,,1,1,,,,,,,,,,,1,,,,,,,,,1,,1,1,,,1,,,1,,1,,1,,1,1,,,,,,
Evolve Treatment Centers,Bel Air/Brentwood,820 Moraga Drive,,Los Angeles,CA,90049,,Los Angeles,800-859-9052,,,,http://evolvetreatment.com/locations/bel-air-brentwood/?utm_source=SAMHSA,34.0781333,-118.4685677,MH,1,,,,,1,,,,1,1,1,1,1,1,1,1,1,,1,1,,,,,1,,,,,,,,1,,,,1,,,,,,,,,,,,,,,,,1,,,,,,,,,1,,,,,,,,1,1,,,,,1,1,,,,,,,,,1,,,,,,1,,,,,1,,,,1,,,,,,,,,,,,,1,,1,1,,,1,1,,,1,1,1,,,,,,,,,,,,,,,,,,,,,,,,,,,,,,,,,,,,,,,,,
Arcadia Mental Health Center,,330 East Live Oak Avenue,,Arcadia,CA,91006,5617,Los Angeles,626-254-1400,,,,http://,34.1083648,-118.0219294,MH,1,,,,,,,1,,1,1,1,1,1,1,1,1,1,,1,,,1,,,,1,,,,1,,,1,1,1,1,1,,,,,,1,1,1,1,,1,1,1,1,1,1,1,1,1,1,,1,1,,1,,1,,1,,1,,,1,1,,,1,1,,1,1,,,,,,1,1,1,1,,,1,1,,1,1,1,,,,1,,1,,1,,1,1,1,1,,,1,1,1,1,1,1,1,1,1,1,1,1,1,1,1,1,1,,,,1,,,1,,1,,,,,,,,,1,,,,,,,,,,,,,,,,1,,,,,,
Jewish Family Service of Los Angeles,,12821 Victory Boulevard,,North Hollywood,CA,91606,,Los Angeles,818-432-5025,,,,http://www.jfsla.org,34.186938,-118.41243,MH,1,,,,,,1,,,1,1,1,1,,1,,1,,,1,,,1,,,,1,,,,,,,1,1,1,1,1,,1,,,,1,1,,,,,,,,,1,,,,,,,1,,1,,,,,,,,,1,1,,,,,,1,,,,,,,1,,1,,,,,,,1,1,1,,,1,,,,,,,,,,,,,,,,,,,,,,,,,,,,,,,,,,,,,1,,,,,,,,,,,,1,,,,1,,,,,,,,,1,,,,,,,
Insight Treatment Programs ,,115 Main Street,,El Segundo,CA,90245,,Los Angeles,800-599-8820,Intake,,818-501-3512,http://www.insighttreatment.com,33.917064,-118.416133,MH,1,,,,,,1,,,1,1,1,1,1,1,1,1,1,,1,1,,,,,1,1,,,,,,,1,,,,1,1,,,,1,,,,,,1,,,,,,1,1,,,1,,,,1,1,,,1,,1,1,1,1,1,,1,1,,1,1,,1,,,,,1,1,1,,,,,,1,1,,,,1,,,,1,,,,,,,,,,,,,,,,,,,,,,,,,,,,,,,,,,1,1,,,,,,,,,,,,,,,,,,,,,,,,,,,,,,,
Family Service of Santa Monica,,1533 Euclid Street,,Santa Monica,CA,90404,,Los Angeles,310-451-9747,,,,http://www.vistadelmar.org/,34.021422,-118.4840013,MH,1,,,,,,,1,,1,1,1,1,,,,1,,,1,1,,,,,,1,,,,,,,1,1,,,1,,,1,,,,1,,,,,,,,,1,1,1,,,,,1,,1,1,1,,1,,1,1,,1,1,,,1,,,1,,,,,,,,,1,,,,,,1,1,1,1,,,1,,,1,,,,,,,,,,,,,,,,,,,,,,,,,,,,,,,,1,1,1,,,,,,,,,,,,,,,,,,,,,,,,,,,,,,,,
Clear Inc,Clear Recovery Center,18123 Prairie Avenue,,Torrance,CA,90504,,Los Angeles,877-779-1985,,,,http://www.clearrecoverycenter.com,33.8662157,-118.3438179,MH,1,,,,,1,,,,1,1,1,1,1,1,1,1,1,,1,,1,,,,1,1,,,,,,,1,,,,1,,,,,,,,,,,1,,,,,,1,,,,,,,,,,,,,,1,,,,1,,1,,1,,1,,,,,,,,,1,1,1,,,,,1,1,,,1,,,,1,,,,,,,,,,,,,,,,,,,,,,,,,,1,1,,,,,,,,,,,,,,,,,,,,,,,,,,,,,,,,,,,,,,,
Counseling4Kids,,20101 Hamilton Avenue,Suite 160,Torrance,CA,90502,,Los Angeles,310-817-2177,,,,http://www.counseling4kids.org,33.8482792,-118.2876517,MH,1,,,,,,,1,,1,1,1,1,1,1,1,1,,,1,,1,,,,,1,,,,,,,1,1,,,,,,1,,,,1,,,,,,,,,1,1,1,,,,,,,1,1,,,1,,,,,,1,,,1,,,1,,,,,,,1,,,,,,,,1,1,,,,,1,,,1,,1,,,,,,,,,,,1,,1,1,1,,1,1,1,,1,1,1,,,,,,,,,,1,,,,,,,,,,,1,,,,1,,,,,,,,,,1,,,,,,
Childrens Bureau of Southern CA,Carson,460 East Carson Plaza Drive,Suite 102,Carson,CA,90746,,Los Angeles,310-523-9500 x202,Intake,310-523-9500,,http://www.all4kids.org,33.8458711,-118.266869,MH,1,,,,,,1,,,1,1,1,1,,1,,1,,,1,1,,,,,,1,,,,,,,,1,,1,,,1,,,,,1,,,,,,,,,1,,1,,,,,,,1,1,,,1,,1,,,,1,,,1,,,1,,,,,,,1,,1,,,,,,1,1,,,,,1,,,1,,,,,,,,,,,,,,,,,,,,,,,,,,,,,,,,,1,,,,,,,,,,,,,,,,,,,,,,,,,,,,,,,,,
Tarzana Treatment Centers Inc,,5190 Atlantic Avenue,,Long Beach,CA,90805,,Los Angeles,818-996-1051,,,,http://www.tarzanatc.org,33.8508284,-118.1838961,MH,1,,,,,,,,1,,1,1,1,,,1,,1,,,,1,,,,1,1,,,,,,,1,1,1,,1,,,1,1,1,1,1,1,1,,,,1,1,1,1,1,1,,,,1,,1,,,,,1,,,,,,1,1,,,,1,1,1,,,,,,1,,,1,,,,1,,1,1,1,,,1,,,,,,,,,,,,,,,,,,,,,,,,,,,,,,,,,,,,,,,,,,,,,,,,,,,,,,,,,,,,,,,,,,,,,
Southern CA Hospital at Van Nuys,Psychiatric Hospital,14433 Emelita Street,,Van Nuys,CA,91401,,Los Angeles,818-787-1511,Intake,800-565-0558,,http://sch-vannuys.com,34.1769578,-118.4475697,MH,1,1,,,,,,,,1,1,1,1,,,,,1,,,,1,,1,,,1,,,,,,,1,1,1,,1,1,,,,,,,,,1,1,1,,,1,,,,,,,,,,,,1,,,,,,,,1,,,,1,,1,,,,,1,,1,1,1,,,,1,,,1,1,1,,1,,,,1,,1,,1,1,,1,,,,,1,1,,,,1,,1,1,1,1,1,1,1,,,,,1,,,,,,,,,,,,,,,,,,,,,,,,,,,,,,,,,,,,
Clear Inc,Clear Recovery Center ,515 North Sepulveda Boulevard,Suite B,Manhattan Beach,CA,90266,,Los Angeles,877-799-1985,,,,http://www.clearrecoverycenter.com,33.8824287,-118.3964532,MH,1,,,,,1,,,,1,1,1,1,1,1,1,1,1,,1,,1,,,,1,1,,,,,,,1,,,,1,,,,,,,,,,,1,,,,,,1,,,,,,,,,,,,,,1,,,,1,,1,,1,,1,,,,,,,,,1,1,1,,,,,1,1,,,1,,,,1,,,,,,,,,,,,,,,,,,,,,,,,,,1,1,,,,,,,,,,,,,,,,,,,,,,,,,,,,,,,,,,,,,,,
Eggleston Youth Centers Inc,,13001 Ramona Boulevard,Suite E,Baldwin Park,CA,91706,,Los Angeles,626-214-9016,Intake,323-299-9554,,http://www.egglestonyouthcenter.org,34.0802044,-117.9897876,MH,1,,,,,,1,,,1,1,1,1,1,1,1,1,1,,1,,1,,,,,1,,,,,,,,1,,1,,,,1,,,,1,,,,1,,,,1,1,1,1,1,,,,,1,1,1,,,1,,1,,,,1,,1,1,,,1,,,,,,,1,,1,,,,,,1,1,1,,,,1,,,1,,1,,1,1,1,1,,,1,1,1,1,,,,1,1,1,1,,,1,1,1,1,,,,,,,,1,1,,,,,,,,,,,,,,,,,,,,,,,,,,,,,,,
Family Resource Center,Baldwin Park,13001 Ramona Boulevard,Suite A,Baldwin Park,CA,91706,,Los Angeles,626-373-2900,Intake,323-274-3075,,http://www.hillsides.org,34.0802044,-117.9897876,MH,1,,,,,,1,,,1,1,1,,,1,1,1,,,1,,1,,,,,1,,,,,,,,1,,,1,,1,1,,,,1,,,,1,,,,,1,,1,,,1,,1,,1,1,1,,1,,1,,,1,1,,,1,,,,,,,1,,,1,1,1,1,,1,,,1,1,1,1,,,1,,,1,,,,,,,,,,,,,1,,,,,,1,1,,,1,1,1,,,,,,1,,,,,,,,,,,,,,,,,,,,,,,,,,,,,,,,,,,
Asian Pacific Counseling and,Treatment Center,11050 Artesia Boulevard,Suite  F,Cerritos,CA,90703,,Los Angeles,562-860-8838,,,,http://www.apctc.org,33.872528,-118.097898,MH,1,,,,,,1,,,1,1,1,1,,,,1,,,1,1,,,,,,1,,,,,,,1,1,1,,,,1,1,,,1,1,,,,1,,,,,1,1,,,,,,1,,1,1,1,,1,,1,,,,1,,,,,,1,1,,,,,,1,,,,,,,1,1,1,1,1,,,1,,,1,,,,,,,,,,,,,,,,,,,,,,,,,,,,,,,1,,,,1,,,,,,,,,1,,,,,,,,,,,,1,,,,1,,,,,,
Rio Hondo Mental Health Center,,17707 Studebaker Road,,Cerritos,CA,90703,,Los Angeles,562-402-0688,,,,http://dmh.lacounty.gov/,33.8702156,-118.0995573,MH,1,,,,,,1,,,1,,1,1,1,1,1,1,1,,1,,1,,,,,1,,,,1,,,1,1,1,1,,,1,,,,1,1,,,,1,1,,,1,1,1,1,,,,,1,,1,,1,,1,,1,,,1,1,,1,,,,1,1,,1,,,,1,1,1,1,,,,,,1,1,1,,,,,,1,,1,,1,1,1,1,,,1,,1,1,1,1,1,1,1,1,1,1,1,1,1,1,,,,,,,,,,,,,,,,,,,1,,1,,,,,1,,1,,,,,,,1,,,,,,
Star View Community Services,,370 South Crenshaw Boulevard,Suite E-100,Torrance,CA,90503,1728,Los Angeles,310-787-1500,,,,http://www.starsinc.com/los-angeles-county/,33.845529,-118.3276568,MH,1,,,,,,1,,,1,1,1,1,,1,,1,,,1,,1,,,,,1,,,,,,,,1,,1,1,,1,1,1,1,1,1,,,,1,,,1,1,1,,,,,,,,,1,1,1,,1,,1,,,1,1,1,,1,,,1,,,,,,,1,1,1,,,,,,1,1,1,,,1,,1,,1,,,,,,,,,,,,,1,,,,,,1,1,,,1,1,,,,,,,1,,,,,,,,,,,,,,,,,,,,,,,,,,,,,,,,,,,
Community Care Center,,2335 Mountain Avenue,,Duarte,CA,91010,,Los Angeles,626-357-3207 x225,Intake,626-357-3207 x229,,http://,34.1227709,-117.9907026,MH,1,,,1,,,,,,1,,1,1,1,1,1,,1,,,,1,,,1,,,,,,,,,1,,,,,,1,,,,,,,,1,,,,,,,1,1,1,,,1,,1,1,,1,,1,1,1,,,,,,,1,,1,,,,,,,,1,,,,,,,1,,1,1,1,,1,,,,1,,1,,1,1,,1,,,,,,1,,,,1,,1,1,,1,1,1,1,,,,,,,,,,1,,,,,,,,,,,,,,,,,,,,,,,,,,,,,,,
Whole Child,,10155 Colima Road,,Whittier,CA,90603,,Los Angeles,562-692-0383,,,,http://www.thewholechild.org,33.9436117,-118.0108918,MH,1,,,,,,1,,,1,1,1,1,,1,,1,,,,1,,,,,,1,,,,,,,,1,,,,,,,,,1,1,1,,,1,,,,,1,,,,,,,,,1,1,1,,1,,1,,1,1,1,,,1,1,,1,1,,,,,,,,,,,,,,1,1,1,,,,1,,,,,,,,,,,,,,,,,,,,,,,,,,,,,,,,,,,,1,,1,,,,,,,,,,,,,,,,,,,,,,,,,,,,,,,
Aviva Family and Childrens Services,Wraparound,5900 Sepulveda Boulevard,Suite 104,Van Nuys,CA,91411,2511,Los Angeles,818-980-3200,,,,http://www.aviva.org,34.1775417,-118.4655644,MH,1,,,,,,1,,,1,1,1,1,1,,,1,,,,,1,,,,,1,,,,,,,1,1,,1,1,,1,1,,,,,1,1,,1,,1,1,,1,,1,,,,,,,1,1,,,1,,1,,,,1,,,1,,,1,,,,,,,1,,,,,,,,1,1,,,,,1,,,,,,,,,,,,,,,,1,1,,,1,,1,1,,1,1,1,1,,,,,,,,1,1,1,,,,,,,,,,,1,,,,,,,,,1,,,,,,,,,,,
Comprehensive Psychiatric Services,,16000 Ventura Boulevard,Suite 806,Encino,CA,91436,,Los Angeles,925-944-9711,,,,http://www.psych-doctor.com,34.1558861,-118.4819255,MH,1,,,,,,1,,,1,1,1,1,1,1,1,1,1,1,1,1,,,,,,1,,,,,,,1,,1,,1,1,,,,,,,,,1,,1,1,,,1,1,1,1,1,1,1,1,1,,1,,1,1,1,1,,1,,,,,1,,,,,,,,,,,1,1,,,,,,1,1,1,1,,1,,,,1,,1,1,1,1,1,1,1,1,1,1,1,1,1,1,1,1,1,1,1,1,1,1,1,1,1,,1,,1,,,,,,,,,,,1,,,1,1,1,1,,,1,1,,1,,,,,1,1,1,,,,,,
PACS,Van Nuys Office,6931 Van Nuys Boulevard,Suite 200,Van Nuys,CA,91405,3995,Los Angeles,818-989-9214,Intake,818-989-9241,,http://www.pacsla.org,34.1964998,-118.4492095,MH,1,,,,,,1,,,1,1,,1,,1,1,1,1,,1,,,1,,,,1,,,,,,,,,,1,,,1,,,,1,1,1,1,,1,,,,,1,1,,,,,1,1,,,1,1,,1,,1,,,1,1,,1,1,,1,1,1,,,,,,1,1,1,,1,1,,,1,1,1,,,,1,,,1,,,,,,,1,,,,,,1,,,,1,,,1,1,1,1,1,,,,,,,1,,1,,,,,,,,1,,,1,,,,,,,,,1,,1,1,,,,1,1,,,,,
Star View Community Services,,1501 Hughes Way,Suite 410,Long Beach,CA,90807,,Los Angeles,562-427-6818,,,,http://www.starsinc.com/los-angeles-county/,33.8289574,-118.212868,MH,1,,,,,,1,,,1,1,1,1,,1,,1,,,,,1,,,,,1,,,,,,,,1,,1,1,,1,1,1,1,1,1,,,,1,,,,,1,,,,,,,,,1,1,,,1,,1,,,1,1,1,,1,,,1,,,,,,,1,1,1,,,,,,1,1,1,,,1,,1,,1,,,,,,,,,,,,,1,,,,,,1,1,,,1,1,,,,,,,1,,,,,,,,,,,,,,,,,,,,,,,,,,,,,,,,,,,
Harbor UCLA Medical Center,Hospital Administration,1000 West Carson Street,,Torrance,CA,90502,,Los Angeles,424-306-6333,Intake,424-306-5700,,http://www.harbor-ucla.org,33.8307253,-118.2918447,MH,1,1,,,,,,,,1,1,1,1,1,1,1,1,1,1,1,1,,,1,,,1,,,,1,,,1,1,1,1,1,1,1,,,,1,1,,,,1,1,,,,1,,,,,,,,,,,1,,,,,,1,1,1,1,1,,,,1,1,1,1,,1,1,1,1,1,,,,1,1,,1,1,1,,,,,,1,,1,,1,1,1,,,1,1,1,,1,,1,,1,1,1,1,,1,1,1,1,,,,1,1,,,,,,1,1,1,1,1,1,,,1,,1,1,,,1,,,,,1,1,,1,1,1,1,,,,,
Pacifica Hospital of the Valley,Behavioral Health,9449 San Fernando Road,BHU,Sun Valley,CA,91352,,Los Angeles,818-767-3310,Intake,818-252-2234,,http://pacificahospital.com,34.2405259,-118.3960912,MH,1,1,,,,,,,,1,,1,,,1,1,,1,,,1,,,1,,,,,,,,,,1,1,1,1,1,,1,,,,,,,,,1,1,,,1,1,1,,,,,,,,,,1,,,,,,,1,1,1,,,1,1,,,,1,,1,,1,1,1,,1,,,1,,1,1,,,1,,,,1,,1,,1,1,1,1,,1,1,1,1,1,,,,,,1,1,,1,1,1,1,,,,,1,1,,,,,,,,,,,,,,,,,,,,,,,,,,,,,,,,,,,
Community Family Guidance Center,,10929 South Street,Suite 208-B,Cerritos,CA,90703,,Los Angeles,562-924-5526 x223,Intake,855-329-8080,,http://www.cfgcenter.com/,33.858736,-118.100878,MH,1,,,,,,1,,,1,1,1,1,1,1,,1,,,,1,,,,,,1,,,,,,,,1,,,,,1,1,,,,1,1,1,,1,,,1,,1,,1,,,,,,,1,1,,,1,,1,1,,1,1,,,1,,,1,,,,,,,,,,,,,,,1,1,1,,,,1,1,,1,,1,,1,1,1,1,1,1,1,1,1,1,1,1,1,1,1,1,1,1,1,1,1,1,,,,,,,,1,1,1,,,,,,,,,,,,,,,,,,,,,,,,,1,,,,,,
Heritage Clinic,,3939 Atlantic Avenue,Suite 103,Long Beach,CA,90807,,Los Angeles,562-264-6001,Intake,562-264-6001 x0,,http://www.heritageclinic.org,33.8300515,-118.1853128,MH,1,,,,,,1,,,1,1,1,1,1,1,1,1,,,1,,1,,,,,1,,,,,,,1,1,1,,1,,,,,,,1,,,,,,,,,1,,,,,,1,1,,,,1,1,,,,,,1,1,,,1,,,1,1,,,,,,1,,1,,1,,,,,,1,1,,,1,,,1,,,,,,,,,,,,,,,,,,,,,,,,,,,,,,,,,,,,,,,,,,,,,,,,,,,,,1,,,,,,,,,,,,,
South Bay Childrens Health Center,Child Guidance Clinic,1617 Cravens Avenue,,Torrance,CA,90501,,Los Angeles,310-328-0855,,,,http://www.sbchc.com/,33.8325793,-118.3159896,MH,1,,,,,,1,,,1,1,,1,,1,,1,,,1,1,,,,,,1,,,,,,,,1,,,,,1,,,,,1,,,,,,,,,1,,,,,,,,,1,,,,1,,,,,,,,,,,,1,,,,,,,,,,,,,,,1,,,,,,1,,,,,,,,,,,,,,,,,,,,,,,,,,,,,,,,,,,,,,,,,,,,,,,,,,,,,,,,,,,,,,,,,,,,,
San Fernando Valley Comm MH Ctr Inc,Older Adult Services,14600 Sherman Way,Suite 100-D,Van Nuys,CA,91405,,Los Angeles,818-374-6901,,,,http://www.movinglivesforward.org,34.2007359,-118.4514653,MH,1,,,,,,,1,,1,1,1,1,,,1,,,,1,,1,,,,,1,,,,,,,1,1,1,1,,,,,,,,,,1,,1,,,1,1,1,1,,,,,,1,,1,,,,1,,,,,1,1,,,,,,,1,,,,,,1,,1,,,,,,,,1,1,,,1,,,1,,,,,1,,,,,,,1,1,1,,,1,,1,1,,1,1,1,1,,,,,1,1,,,,,,,,,,,,,,,1,,,,,,,,,,,,,,,,,,,,
Encino Hospital Med Center,Behavioral Health,16237 Ventura Boulevard,,Encino,CA,91436,2201,Los Angeles,818-995-5002,Intake,818-968-1025,,http://www.encinomed.org,34.1574278,-118.4870017,MH,1,1,,,,,,,,1,,1,,,,,,1,,,1,,,1,,,,,,,,,,1,1,1,,1,1,,,,,,1,,,,1,1,,,1,,,,,,,,1,,,,,,,,,,,1,1,1,,,1,,1,,,1,,1,,,1,1,,,,1,,,,1,1,,,1,,,1,,1,,1,1,,,,,,,,1,,,,1,,1,1,,,1,1,1,,,,,1,,,,,,1,1,1,,1,,,,,,,,,,,,,,,,,,,,,,,,,,
Clear Inc,Clear Recovery Center,201 Herondo Street,,Redondo Beach,CA,90277,,Los Angeles,877-799-1985,,,,http://www.clearrecoverycenter.com,33.854297,-118.3918234,MH,1,,,,,1,,,,1,1,1,1,1,1,1,1,1,,1,,1,,,,1,1,,,,,,,1,,,,1,,,,,,,,,,,1,,,,,,1,,,,,,,,,,,,,,1,,,,1,,1,,1,,1,,,,,,,,,1,1,1,,1,,1,1,1,,,1,,,,1,,,,,,,,,,,,,,,,,,,,,,,,,,1,1,,,,,,,,,,,,,,,,,,,,,,,,,,,,,,,,,,,,,,,
Center for Discovery,Lakewood,4136 Ann Arbor Road,,Lakewood,CA,90712,7418,Los Angeles,866-862-3631,,,,http://centerfordiscovery.com/locations/lakewood/,33.8328551,-118.1436755,MH,1,,1,,,,,,,1,1,1,1,1,,,,,,,1,,,,1,,,,,,,,,1,,,,1,1,,,,,,,,,,,,,,,,,,,,,,,,,,,,,,,1,,,1,,,,1,,1,1,,,,,,,,,,,,,,1,,,,,1,,,,1,,,,,,,,,,,,,,,,,,,,,,,,,,,1,,,,,,,,,,,,,,,,,,,,,,,,,,,,,,,,,,,,,,,
PACS,Long Beach Office,3530 Atlantic Avenue,Suite 210,Long Beach,CA,90807,,Los Angeles,562-424-1886,Intake,,310-337-1550,http://www.pacsla.org,33.820836,-118.184537,MH,1,,,,,,1,,,1,1,1,1,,,,1,1,,1,,,1,,,,1,,,,,,,,1,,,,,,,,,,1,,,,1,,,,,1,1,,,,,1,1,,1,1,1,,1,,,,,,1,,,1,,,1,,,1,,,,1,,1,1,,,,1,1,1,1,1,,,1,,,1,,,,,,,,,,,,,,,,,,,,,,,,,,,,,,1,1,,1,,,,,,,,,,,1,,,,,,,,,,,1,1,,,,,,,,,,
California Mental Health Connection,,14305 East Morgan Street,,Baldwin Park,CA,91706,3235,Los Angeles,626-430-6197,Intakes,626-453-6234,626-430-7404,http://www.californiamhc.org,34.0879509,-117.962508,MH,1,,,,,,1,,,1,1,1,1,,,1,1,,,1,1,,,,,,1,,,,,,,1,,1,1,1,1,,1,,,,1,1,,,1,,1,1,,1,1,1,1,,,1,,1,1,,,,1,,1,,,,1,,1,1,,1,1,,,,,,,1,,1,,,1,,,1,1,1,1,,,1,,,1,,,,,,,,,,,,,,,,,,,,,,,,,,,,,,,,,,1,,,,,,,,,,1,,1,,,,,,,,,,1,,,1,,,,,,,
Discovery Mood and Anxiety Program,Pacific Place,350 West Wardlow Road,,Long Beach,CA,90807,,Los Angeles,562-981-8400,,,,http://www.discoverymood.com/locations/pacific-place/,33.8186444,-118.1964405,MH,1,,1,,,,,,,1,1,1,1,1,,,,,,,1,,,,1,,,,,,,,,1,,,,1,1,,,,,,,,,,,,,,,,1,,,,,,,,,,,,,,,,,,1,,,,,,,,,,,,,,,,,,,,,1,,,,,1,,,,1,,,,,,,,,,,,,,,,,,,,,,,,,,,1,,,,,,,,,,,,,,,,,,,,,,,,,,,,,,,,,,,,,,,
Asian Pacific Counseling and,Treatment Center,15350 Sherman Way,Suite 200,Van Nuys,CA,91406,,Los Angeles,818-267-1100,,,,http://www.apctc.org,34.2005887,-118.4674869,MH,1,,,,,,,1,,1,1,1,,,,,1,1,,,1,,,,,,1,,,,,,,,1,1,,,,1,,,,,,,,,1,,,1,,1,,,,,,,1,,1,1,1,,1,,1,,,,1,,,1,,,1,1,,,,,,1,,1,1,,,,1,1,1,1,1,,,1,1,,,,1,,,1,,,,,,,,1,,,,1,,1,1,1,1,1,1,1,,,,,,1,,,1,1,,,,,,,,,1,,,,,,,,,,,1,1,,,,1,1,,,,,
Center for Discovery,Torrance,21515 Hawthorne Boulevard,Suite 370,Torrance,CA,90503,,Los Angeles,844-546-2614,,,,http://centerfordiscovery.com/locations/torrance/,33.8324959,-118.3538651,MH,1,,,,,1,,,,1,1,1,1,1,1,1,1,1,,,,1,,,,1,,,,,,,,1,,,,1,,,,,,,,,,,,,,,,,,1,,,,,,,1,,,,1,,,1,,,1,,,,1,,1,,,,,,,,,,,,,,,1,1,1,,,1,,,,1,,,,,,,,,,,,,,,,,,,,,,,,,,,1,,,,,,,,,,,,,,,,,,,,,,,,,,,,,,,,,,,,,,,
Childrens Bureau,Long Beach Office,850 East Wardlow Road,,Long Beach,CA,90807,,Los Angeles,562-981-9392,,,,http://www.childrensbureau.org,33.8187205,-118.1820248,MH,1,,,,,,1,,,1,1,1,1,,1,,1,1,,1,,1,,,,,1,,,,,,,,1,,,,,1,,,,,,,,,1,,,,,1,,1,,,,1,,,1,1,,,1,,,,,,1,,,1,,,1,,,,,,,,,1,,,,,,1,1,,,,,1,,,,,,,,,,,,,,,,,,,,,,,,,,,,,,,,,,,,,1,1,,,,,,,,,,,,,,,,,,,,,,,,,,,,,,,
Bayfront Youth and Family Services,,900 East Wardlow Road,,Long Beach,CA,90807,,Los Angeles,562-595-4525,,,,http://www.bayfrontyouthandfamilyservices.org,33.8187148,-118.1813368,MH,1,,,,,,1,,,1,1,1,1,,1,1,1,1,,1,1,,,,,,1,,,,,,,,1,,,,,,,,,,,,,,,1,,,,1,1,1,,,,1,1,,1,1,1,,1,,1,,,1,1,,1,,,,1,,,,,,,1,,1,,,,,,1,1,1,1,,,1,,,1,,,,,,,,,,,,,1,,,,1,,,,,,1,1,1,,,,,,,,,1,1,,,,,,,,,,,,,,,,,,,,,1,,,,1,1,,,,,
Childrens Bureau,Baldwin Park,1515 West Cameron Avenue,Suite 350,West Covina,CA,91790,2726,Los Angeles,626-337-8811,,,,http://www.all4kids.org,34.086893,-117.957312,MH,1,,,,,,1,,,1,1,1,1,,,,1,,,1,1,,,,,,1,,,,,,,1,1,,1,,,1,,,,,1,,,,,,,,1,1,,,,,,,,,1,1,1,,1,,1,,,1,1,,,1,,,1,,,,,,,1,,1,,,,,,1,1,,,,,1,,,1,,,,,,,,,,,,,,,,,,,,,,,,,,,,,,,,,,,,,,,,,,,,,,,,,,,,,,,,,,,,,,,,,,
Center for Discovery,La Habra,2115 Las Palomas Drive,,La Habra,CA,90631,7761,Orange,866-862-3631,,,,http://centerfordiscovery.com/locations/la-habra/,33.9638412,-117.97263,MH,1,,1,,,,,,,1,1,1,1,1,,,,,,,1,,,,1,,,,,,,,,1,,,,1,1,,,,,,,,,,,,,,,,,,,,,,,,,,,,,,,1,,,1,,,,1,,1,1,,,,,,,,,,,,,,1,,,,,1,,,,1,,,,,,,,,,,,,,,,,,,,,,,,,,,1,,,,,,,,,,,,,,,,,,,,,,,,,,,,,,,,,,,,,,,
Discovery Mood and Anxiety Program,Long Beach,425 East 31st Street,,Long Beach,CA,90807,,Los Angeles,866-457-5205,,,,http://discoverymood.com/locations/long-beach/,33.8136949,-118.1876309,MH,1,,1,,,,,,,1,1,1,1,1,1,1,1,1,,,1,,,,1,,,,,,,,,1,,,1,1,1,1,1,,1,1,1,,,,,,,,,,,1,,,,,,,1,1,,,1,,,,,,,,,,1,,1,,,1,,,,,,,,,,,,1,,,,1,1,,,,1,,,,,,,,,,,,,,,,,,,,,,,,,,,,,,,,,,,,,,,,,,,,,,,,,,,,,,,,,,,,,,,,,,
Insight Treatment Programs,,6627 Valjean Avenue,,Van Nuys,CA,91406,5817,Los Angeles,800-599-8820,Intake,,818-501-3512,http://www.insighttreatment.com,34.1909681,-118.486744,MH,1,,,,,,1,,,1,1,1,1,1,1,1,1,1,,1,1,,,,,1,1,,,,,,,1,,,,1,1,,,,1,,,,,,1,,,,,,1,1,,,1,,,,1,1,,,1,,1,1,1,1,1,,1,1,,1,1,,1,,,,,1,1,1,,,,,,1,1,,,,1,,,,1,,,,,,,,,,,,,,,,,,,,,,,,,,,,,,,,,,1,1,,,,,,,,,,,,,,,,,,,,,,,,,,,,,,,
College Hospital Cerritos,Signal Hill PHP,707 Walton Avenue,,Signal Hill,CA,90755,2728,Los Angeles,562-290-0456,,,,http://collegehospitals.org,33.8054763,-118.1836635,MH,1,,,,,1,,,,1,1,1,1,,,1,1,,,1,,1,,,,1,1,,,,,,,1,1,1,1,1,1,,,,,,,,,,1,,,,,,1,1,,,,,1,,1,,1,,,,1,,,,1,,,1,1,,1,,,1,,,,1,1,1,,,,,,,1,1,1,,1,,,,1,,,,,1,,,,,,,,1,1,,,1,,1,1,,1,1,1,1,,,,,,,,,,,,,,,1,,,,,,,,,,,,,,,,,,,,,,,,,,
Del Amo Hospital,,23700 Camino Del Sol,,Torrance,CA,90505,,Los Angeles,800-533-5266,,,,http://www.delamotreatment.com/,33.8115807,-118.3443229,MH,1,1,,,,,,,,1,,1,1,1,,1,1,1,,,1,,,1,,1,1,,,,,,,1,1,1,,1,,,,,,,,,,,1,1,1,,,,1,1,1,1,1,,1,1,1,1,1,,1,,1,,,,1,,,,,,,,,,,,,,,1,,,,,,1,1,1,1,,1,,,,1,,1,,1,1,1,1,,1,1,,1,1,1,,,1,,1,1,,1,1,1,1,,,,,1,1,,,,,,,,,,,,,,,,,,,,,,,,,,,,,,,,,,,
San Fernando Valley Counseling Center,,7247 Hayvenhurst Avenue,Suite A-8,Van Nuys,CA,91406,2852,Los Angeles,818-341-1111,Intake,818-341-1111 x3811,,http://sfvcc.org,34.2025495,-118.4936256,MH,1,,,,,,1,,,1,1,1,1,,1,1,1,,,1,1,,,,,,1,,,,,,,1,,,,,,,,,,,,,,,,,1,1,,1,,,,,,,,,,,,,,,,,,,,,,1,,,1,,,,,,,,,1,,,,,,1,1,1,1,,,1,,,,,,,,,,,,,,,,,,,,,,,,,,,,,,,,,,,,,,,,,,,,,,,,,1,,,,,,,,,,,,,,,,,,,,
San Fernando Valley Comm MH Ctr Inc,Cornerstone RRR/Adult and Homeless FSP,16650 Sherman Way,,Van Nuys,CA,91406,3762,Los Angeles,818-901-4836,,,,http://www.movinglivesforward.org/,34.2007919,-118.4958392,MH,1,,,,,,,1,,1,1,1,1,,,1,1,,,1,,1,,,,,1,,,,,,,,1,1,,,,,,,,,,,,,1,,,1,,1,,,,,,,,,,,,,,,,,1,1,1,,,1,,1,,1,,,,,,1,,,,1,,,1,,1,1,1,,,1,,,1,,1,,,1,,1,,,,,,1,,,,1,,1,1,1,1,1,1,1,,,,,1,1,,,,,,,,,,,,,1,,,,,,1,,,,,,,,,,,,,,,,
Penny Lane Centers,Dr Rose Jenkins Memorial Clinic,15305 Rayen Street,,North Hills,CA,91343,5117,Los Angeles,818-892-3423,,,,http://www.pennylane.org,34.231966,-118.465914,MH,1,,,,,,,,1,1,1,1,1,,,,1,,,,1,,,,,,1,,,,,,,,,1,1,,,1,1,1,,,1,,,,,,,,,1,,,,,,,,,,1,,,1,,,,,,1,,,1,,,,1,,,,,,1,,,,1,1,,,1,1,,,,,1,,,1,,,,,,,,,,,,,,,,,,,,,,,,,,,,,,,,,,1,,,,,,,,,,,,,,,,,,,1,,,,,,,,,,,,,
Maryvale Family Resource Center,,2502 Huntington Drive,,Duarte,CA,91010,,Los Angeles,626-263-9133 x240,Intake,626-263-9133 x451,,http://www.maryvale.org,34.1394003,-117.9513526,MH,1,,,,,,1,,,1,1,,1,,1,1,1,,,1,1,,,,,,1,,,,,,,,1,,1,,,,,,,,,,,,1,,,,1,1,1,1,,,,,,,1,1,1,,1,,1,,,1,1,,,,,,1,,,,,,,1,,,,,,,,1,1,1,,,,1,,,1,,,,,,,,,,,,,,,,,,,,,,,,,,,,,,,,,,,,,,,,,,,,,,,,,,,,,,,,,,,,,,,,,,
Long Beach Child and Adol Prog,,2600 Redondo Avenue,6th Floor,Long Beach,CA,90806,2301,Los Angeles,562-256-2906,,,,http://,33.8048903,-118.1507532,MH,1,,,,,,1,,,1,1,1,1,1,,,1,,,1,1,,,,,,1,,,1,,,,1,1,1,1,,,1,1,,,1,,,,,1,,1,1,,1,,,,,,,,,,,,,,,,,,,1,,,,,,1,1,,,,,,,1,,1,,,,,1,1,1,,,,,,,1,,1,,1,1,1,1,,1,,1,1,1,1,,,,,1,1,,,1,1,1,,,,,1,,,,,,,,,,,,,,,,1,,,,,,,,,,,,,,,,,,,,
Tarzana Treatment Centers Inc,,2101 Magnolia Avenue,,Long Beach,CA,90806,,Los Angeles,800-996-1051,Intake,818-996-1051,,http://www.tarzanatc.org,33.7954752,-118.198337,MH,1,,,1,,,,,,1,1,1,1,,,1,,1,,,,1,,,1,,,,,,,,,1,1,1,,1,,,1,1,1,,1,1,1,,,,1,1,1,1,1,1,,,,1,,1,,,,,1,,,,,,,,,,,,1,,,,,,,,,,,1,,,,,1,1,1,,,1,,,,,,,,,,,,,,,,,,,,,,,,,,,,,,,,,,,,,,,,,,,,,,,,,,,,,,,,,,,,,,,,,,,,,
Hathaway/Sycamores Child/Family Servs,Community Based Services,12510 Van Nuys Boulevard,Suite 201,Pacoima,CA,91331,,Los Angeles,818-896-2255,Intakes,844-222-2377,626-395-7100,http://www.hathaway-sycamores.org,34.2773782,-118.4050372,MH,1,,,,,,,1,,1,1,1,1,1,1,1,1,,,1,,1,,,,,1,,,,,,,,1,1,,,,1,1,1,1,1,1,1,1,,1,,,,1,1,1,,,,,1,,,1,1,,,1,,,,,1,1,,1,1,,,1,,,,,,,1,1,1,,,,,,1,1,,,,,1,,,1,,,,,,,,,,,,,,,,,,,,,,,,,,,,,,,,,,,,,,,,,,,,,,,,,,,,,,,,,,,,,,,,,,
Hathaway/Sycamores Child/Family Servs,Outpatient Clinic,12450 Van Nuys Boulevard,Suite 100,Pacoima,CA,91331,,Los Angeles,818-896-8366,Intakes,844-222-2377,626-395-7100,http://www.hathaway-sycamores.org/,34.2786682,-118.4040331,MH,1,,,,,,1,,,1,1,1,1,1,1,1,1,,,1,,1,,,,,1,,,,,,,,1,1,,,,1,1,1,1,1,1,1,1,,1,1,,,1,1,1,,,,,1,,,1,1,,,1,,,,,1,1,,1,1,,,1,,,,,,,1,1,1,,,,,,1,1,,,,,1,,,1,,,,,,,,,,,,,,,,,,,,,,,,,,,,,,,,,,,,,,,,,,,,,,,,,,,,,,,,,,,,,,,,,,
Guidance Center,Long Beach Programs,1301 Pine Avenue,,Long Beach,CA,90813,,Los Angeles,562-595-1159,Intake,562-485-3085,,http://www.tgclb.org/,33.7829538,-118.192715,MH,1,,,,,,,1,,1,1,1,1,1,,1,1,,,1,,1,,,,,1,,,,,,,1,,,,,,1,1,,1,1,1,,,,,,,,,1,,1,,,,,,,1,1,,,1,,1,,,1,1,1,,1,,,1,,,,,,,1,,,1,,,,1,1,1,1,,,,1,,,,,1,,,,,,,,,,,1,,,,1,,,1,,,1,1,1,,,,,,,,1,,,,,,,,,,,,,,,,,,,,,,,,,,,,,,,,,
VA Greater Los Angeles Healthcare Sys,Sepulveda Ambulatory Care Center,16111 Plummer Street,,North Hills,CA,91343,,Los Angeles,818-891-7711,Intake,818-891-7711 x31141,,http://,34.2444405,-118.4816375,MH,1,,,,,,,,,1,1,1,1,,1,1,1,1,,1,1,,,,,,1,1,,,,,,,,,,,,,,,,,,,,1,,1,,,,,1,1,1,,,1,1,1,1,,1,1,1,1,,,,1,1,1,1,1,1,1,1,1,1,1,,1,1,1,1,1,1,1,,1,1,,1,1,1,,,,,1,,,,,,,,,,1,1,1,,1,1,,,1,1,1,1,1,1,1,1,1,,1,1,,1,,,,,,,,,,,,,,,,,,,,,,,,,,,,,,,,,,,,
Child and Family Guidance Center,Balboa Site,8550 Balboa Boulevard,Suite 150,Northridge,CA,91325,,Los Angeles,818-830-0200 x5641,Intake,818-739-5250,,http://www.childguidance.org,34.226198,-118.501808,MH,1,,,,,,1,,,1,1,1,1,,,,1,,,1,,1,,,,,1,,,,,,,,1,1,1,,,1,1,,,,,,,,1,1,,,1,1,1,1,,,,,,,1,1,1,,1,,1,,,,1,,,,,1,1,1,,,,,,1,,1,1,1,,,1,1,1,1,,,,1,,,1,,,,,,,,,,,,,,,,,,,,,,,,,,,,,,,,,,,,,,,,,,,,,,,,,,1,,,1,,,,,,,,,,,,,
Tarzana Treatment Centers Inc,,18646 Oxnard Street,,Tarzana,CA,91356,,Los Angeles,818-996-1051,,,,http://www.tarzanatc.org,34.1795005,-118.5398534,MH,1,1,,,,,,,,,,1,1,,1,1,,1,1,1,,1,,1,1,1,1,,,,,,,1,1,1,1,1,,1,1,1,1,1,,1,1,,1,,1,,1,1,1,1,,,,1,,1,,,,,1,,,,1,,1,1,,,,1,1,1,,,,,,1,,,1,,,1,1,,1,1,1,,,1,,,,,,,,,,,,,,,,,,,,,,,,,,,,,,,,,,,,,,,,,,,,,,,,,,,,,,,,,,,,,,,,,,,,,
Tarzana Treatment Centers Inc,Youth Services,18700 Oxnard Street,,Tarzana,CA,91356,,Los Angeles,818-654-3950,Intake,818-996-1051,,http://www.tarzanatc.org,34.180051,-118.541027,MH,1,,,,,,,,1,1,1,1,1,,,,,1,,,,1,,,,1,1,,,,,,,1,1,1,1,1,,1,1,,1,,,1,1,,,,1,,1,1,1,1,,,,1,,1,,,,,1,,,,,,,,,,,,1,,,,,,,,,,,1,,,,1,1,1,1,,,1,,,,,,,,,,,,,,,,,,,,,,,,,,,,,,,,,,,,,,,,,,,,,,,,,,,,,,,,,,,,,,,,,,,,,
Evolve Treatment Centers,Tarzana Vanalden Comprehensive DBT,5358 Vanalden Avenue,,Tarzana,CA,91356,,Los Angeles,800-859-9052,,,,http://evolvetreatment.com/?utm_source=web&utm_medium=referral&utm_campaign=SAMHSA,34.1685815,-118.5497346,MH,1,,1,,,,,,,1,1,1,1,1,1,1,1,1,,1,1,,,,1,,,,,,,,,1,,,,1,,,,,,,,,,,,,,,,,1,,,,,,,,,1,,,,,,,,1,1,,1,,,1,1,,,,,1,,,1,,,,,,,1,,,,,1,,,,1,,,,,,,,,,,,,1,,1,1,,,1,1,,,1,1,1,,,,,,,,,,,,,,,,,,,,,,,,,,,,,,,,,,,,,,,,,
Evolve Treatment Centers,Tarzana Aura,5435 Aura Avenue,,Tarzana,CA,91356,,Los Angeles,800-859-9052,,,,http://evolvetreatment.com/?utm_source=web&utm_medium=referral&utm_campaign=SAMHSA,34.1700583,-118.5549478,MH,1,,1,,,,,,,1,1,1,1,1,1,1,1,1,,1,1,,,,1,,,,,,,,,1,,,,1,,,,,,,,,,,,,,,,,1,,,,,,,,,1,,,,,,,,1,1,,1,,,1,1,,,,,1,,,1,,,,,,,1,,,,,1,,,,1,,,,,,,,,,,,,1,,1,1,,,1,1,,,1,1,1,,,,,,,,,,,,,,,,,,,,,,,,,,,,,,,,,,,,,,,,,
Tarzana Treatment Centers Inc,Reseda,7101 Baird Avenue,,Reseda,CA,91335,,Los Angeles,818-342-5897,Intake,800-996-1051,,http://www.tarzanatc.org,34.19943,-118.537494,MH,1,,,,,,,,1,,1,1,1,,,,,1,,,,1,,,,1,1,,,,,,,1,1,1,,1,,1,1,1,,,1,1,1,,,,1,1,1,1,1,1,,,,1,,1,,,,,1,,,,,,,,,,,,1,,,1,,,,,,,,1,,,,,1,1,1,,,1,,,,,,,,,,,,,,,,,,,,,,,,,,,,,,,,,,,,,,,,,,,,,,,,,,,,,,,,,,,,,,,,,,,,,
ALMA Family Services,,18780 Amar Road,Suite 204,Walnut,CA,91789,4559,Los Angeles,323-881-3799,,,,http://www.almafamilyservices.org,34.0277097,-117.8923561,MH,1,,,,,,1,,,1,1,1,1,,1,1,1,,,,1,,,,,,1,,,,,,,,1,1,,,,,,1,,,1,,,,1,,,,,1,1,1,,,1,1,1,1,1,1,1,,1,,1,,,,1,,1,1,,,1,,,,,,,,,1,,,,,,1,1,1,1,,,1,,,1,,1,,1,1,1,1,,,,,,,,,,,,,,,,,,,,,,,1,,,,1,1,,,,,,,,,,,,,,,,,,,,,,,,,,,,,,,
Long Beach VAMC,Mental Health (116A),5901 East 7th Street,,Long Beach,CA,90822,,Los Angeles,562-826-5601,Intake,562-826-8000,,http://www.longbeach.va.gov,33.777569,-118.1189428,MH,1,,,,,,,,,1,1,1,1,1,1,1,1,1,1,1,1,,,1,,1,1,1,,,,,,,,,,1,,,,,,,,,,1,1,1,,,1,1,1,1,1,,,1,1,,,,1,1,1,1,,,1,1,1,1,1,1,1,1,1,1,1,1,1,1,1,1,1,1,1,1,,1,1,,1,1,1,,,,,1,1,,,,,,,,,,,,,,,,,,,,,,,,,,,1,1,,,,,,,,,,,,,,,,,,,,,,,,,,,,,,,,,,,,,,
Destinations for Teens,Cheney,20851 Cheney Drive,,Topanga,CA,90290,,Los Angeles,818-737-2221,Intake,929-381-2011,,http://www.destinationsforteens.com,34.115061,-118.5888025,MH,1,,1,,,,,,,1,1,1,1,1,1,1,1,1,,1,1,,,,1,,,,,,,,,1,,,,1,1,,,,,,,,,,1,,,,,,1,1,,,1,1,,1,1,1,,,1,,,,1,,,,1,1,,1,1,,,,,,,,1,1,,,,1,,1,,,,,1,,,,1,,,,,,,,,,,,,1,1,1,1,1,1,1,1,1,1,1,1,1,,,,,1,,,,1,1,,,,,,,,,,,,,,,,,,,,,,,,,,,,,,,
Joyce Eisenberg Keefer Medical Ctr,,7150 Tampa Avenue,,Reseda,CA,91335,,Los Angeles,818-774-3000,Intakes,818-758-5041,818-758-5042,http://www.jha.org,34.2005491,-118.5530298,MH,1,1,,,,,,,,1,,1,1,,,,,1,,,,1,,1,,,,,,,,,,1,1,1,,1,,,,,,,,,,,1,,,,1,1,,,,,,,1,,,,,1,,,,,,,1,1,,,,,,,,1,,,,,1,1,,,,,,,,,1,,,1,,,,,1,,1,1,,,,1,1,1,1,1,,,,1,,1,1,,1,1,1,1,,,,,,,,,,,,,,,,,,,,,1,,,,,1,,,,,,,,1,1,,,,,,
Five Acres,,2934 East Garvey Avenue South,,West Covina,CA,91791,,Los Angeles,626-798-6793 x4701,Intake,626-798-6793 x3109,,http://www.5acres.org/community-based-services/,34.071243,-117.8836584,MH,1,,,,,,1,,,1,1,,1,,1,,1,1,,1,1,,,,,,1,,,,,,,,1,,,1,,1,1,,,,,,,,,,,,1,1,,1,,,,,,,1,1,,,,,1,,,,1,,,,,1,1,,,,,,,1,,1,,,,,,1,1,,,,,1,,,,,,,,,,,,,,,,,,,,,,,,,,,,,,,,,,,,,,,,,,,,,,,1,,,,,,,,,,,,,,,,,,,,,,
Child and Family Guidance Center,OP Servs/Northpoint School and Int,9650 Zelzah Avenue,,Northridge,CA,91325,2003,Los Angeles,818-993-9311,Intake,818-739-5250,,http://www.childguidance.org/,34.2463039,-118.52249,MH,1,,,,,,,1,,1,1,1,1,1,1,1,1,1,,1,1,,,,,,1,,,,,,,1,1,,1,,,1,1,1,,,1,,,,,1,,,,1,1,1,,,1,1,,,1,1,,,1,,1,,,,1,,1,1,,1,1,,,,,,,1,,1,,,,,,1,1,,,,,1,,,1,,,,,,,,,,,,,1,1,,,,,1,,,,1,1,1,,,,,,,,,,,,,,,,,,,,,,,,,,,,,,,,,,,,,,,,,
Destinations for Teens,,22029 Cannon Drive,,Topanga,CA,90290,,Los Angeles,877-466-0620,,,,http://www.destinationsforteens.com/,34.12499,-118.6068099,MH,1,,1,,,,,,,1,1,1,1,,,1,,,,,1,,,,1,,,,,,,,,1,,,,1,1,,,,,,,,,,1,,1,,,1,1,1,,,1,1,,1,1,,,,1,,,,,,1,,,,,1,1,1,,,,,,,,1,,,,,,1,,,,,1,,,,,,,,,,,,,,,,,,,,,,,,,,,,,,,,,,1,1,,,,,,,,,,,,,,,,,,,,,,,,,,,,,,,,,,,
East San Gabriel Valley ,Mental Health Center FSP,1359 North Grand Avenue,,Covina,CA,91724,,Los Angeles,626-430-2999,,,,http://,34.1041434,-117.8742983,MH,1,,,,,,,1,,1,,1,1,,,1,,1,,1,,,1,,,,1,,,,1,,,1,1,1,1,,,,,,,,1,,,,1,1,,,1,1,1,1,,,,1,,,,,1,,,,,,1,1,1,,,,,,1,1,,,,,,1,1,1,,,,,,,,1,,,,,,,1,,1,,1,1,1,1,,,,,1,1,,,,1,,1,1,,1,1,1,1,,,,,1,1,,,,,,,,,,,,,1,,,,,,,,,,,,,,1,,,,,,,,
East San Gabriel Valley,Mental Health Center,1359 North Grand Avenue,,Covina,CA,91724,,Los Angeles,626-430-2900,,,,http://,34.1041723,-117.8742121,MH,1,,,,,,1,,,1,,1,1,,,,1,,,1,,1,,,,,1,,,,1,,,1,1,1,1,,,,1,,,,1,,,,1,,1,1,1,1,1,1,,,,1,1,,1,1,1,,1,,1,,,1,1,,1,,,,1,1,,1,,,,1,1,1,1,,,,,1,1,1,1,,,,,,1,,,,1,1,,,,,,,,1,1,1,,1,1,1,1,1,1,1,1,1,,,,,1,1,,,,1,,,,,,,,,1,,,,,,,,,,,,,1,,,1,,,,,,
Hathaway/Sycamores Child/Family Servs,,1411 North Grand Avenue,Suite 100,Covina,CA,91724,,Los Angeles,626-395-7100,Intake,844-222-2377,,http://www.hathaway-sycamores.org,34.105218,-117.874198,MH,1,,,,,,,1,,1,1,,1,,1,,1,,,1,,1,,,,,1,,,,,,,,1,1,1,,,1,1,1,,1,1,,,,,,,,1,1,1,1,,,1,,,1,1,1,1,,1,,1,1,,1,1,,1,1,,,1,,,,,,,1,,1,,,,,,1,1,,,,,1,,,1,,,,,,,,,,,,,,,,,,,,,,,,,,,,,,,,,,1,,,,,,,,,,,,,,,,,,,,,,,,,,,,,,,,
Pacific Clinics,Family Outreach Program,1126 North Grand Avenue,Suite D,Covina,CA,91724,,Los Angeles,626-967-1667,Intake,877-722-2737,,http://www.pacificclinics.org,34.1000965,-117.872305,MH,1,,,,,,,1,,1,,1,1,,1,,1,,,1,1,,,,,,1,,,,,,,,1,1,1,,,1,1,1,,,1,,1,,,,,,,1,,1,,,,,,,1,1,1,,1,,1,,,,1,,,,,,1,,,,,,,1,,1,,,,,,1,1,,,,,1,,,,,,,,,,,,,,,,,,,,,,,,,,,,,,,,,,,,,,,,,,,,,,,,,,,,,,,,,,,,,,,,,,,,,
Optimum Performance Institute,,21051 Warner Center Lane,Suite 105,Woodland Hills,CA,91367,,Los Angeles,818-610-3956,,,,http://www.optimumperformanceinstitute.com,34.1750152,-118.5920118,MH,1,,,,,,,,1,1,1,1,1,1,,,1,1,,,,1,,,1,1,1,,,,,,,1,,,,,,,,,,,,,,,,,,,,,1,1,,,,,,,1,,,,1,,1,,,,1,,,,,1,1,,,,,,,,,,,,,,,,1,,,,1,,,,,,,,,,,,,,,,,1,,1,,,,1,1,,,1,1,1,,,,,,,,,,,,,,,,,,,,,,,,,,,,,,,,,,,,,,,,,
Destinations for Teens,Woodland Hills,21051 Warner Center Lane,Suite 220,Woodland Hills,CA,91367,,Los Angeles,818-737-2221,Intake,929-381-2011,,http://www.destinationsforteens.com,34.1750152,-118.5920118,MH,1,,,,,,,,1,1,1,1,1,1,1,1,1,1,,1,1,,,,,1,1,,,,,,,1,,,,1,1,,,,,,,,,,,,,,,,1,1,,,1,1,,1,1,1,,,1,,,,1,,,,1,1,,1,1,,,,,,,,1,1,,,,1,,1,,,,,1,,,,1,,,,,,,,,,,,,1,1,1,1,1,1,1,1,1,1,1,1,1,,,,,,,,,1,1,,,,,,,,,,,,,,,,,,,,,,,,,,,,,,,
Guidance Center ,San Pedro,222 West 6th Street,Suite 230,San Pedro,CA,90731,,Los Angeles,310-833-3135,,,,http://www.tgclb.org/,33.7390181,-118.281904,MH,1,,,,,,,1,,1,1,1,1,1,,1,1,,,1,,1,,,,,1,,,,,,,1,,,,,,1,1,,1,,1,,,,,,,,,1,,1,,,,,,,1,1,,,1,,1,,,1,1,1,,1,,,1,,,,,,,,,,,,,,,1,1,1,,,,1,,,,,1,,,,,,,,,,,1,,,,1,,,1,,,1,1,1,,,,,,,,1,,,,,,,,,,,,,,,,,,,,,,,,,,,,,,,,,
Aurora Charter Oak Hospital,,1161 East Covina Boulevard,,Covina,CA,91724,,Los Angeles,626-966-1632,Intake,800-654-2673,,http://www.charteroakhospital.com,34.1003274,-117.8668073,MH,1,1,,,,,,,,1,1,1,1,,1,1,1,1,,,,1,,1,,1,1,,,,,,,1,1,1,,1,1,,,,,,,,,,1,1,,,1,1,1,,,,,,,,1,1,1,,,,,,,,1,,,1,,1,1,,1,,,1,1,,1,1,,,,1,,1,1,1,1,,1,,,,1,,1,,1,1,1,1,,1,1,1,1,1,,,,1,,1,1,1,1,1,1,1,,,,,1,,,,,1,,,,,,,,,,,,,,,,,,,,,,,,,,,,,,,
Center for Discovery,Rancho Palos Verdes,30175 Avenida Tranquila,,Rancho Palos Verdes,CA,90275,,Los Angeles,866-862-3631,,,,http://centerfordiscovery.com/locations/rancho-palos-verdes/,33.7595204,-118.3992862,MH,1,,,1,,,,,,1,1,1,1,1,,,,,,,,1,,,1,,,,,,,,,1,,,1,1,1,1,1,1,1,1,1,1,1,,,,,,,,,,,,,,,,,,,,,,,1,,,1,,,,1,,1,1,,,,,,,,,,,,,,,1,1,,,1,,,,1,,,,,,,,,,,,,,,,,,,,,,,,,,,1,,,,,,,,,,,,,,,,,,,,,,,,,,,,,,,,,,,,,,,
LAC Olive View/UCLA Medical Ctr,,14445 Olive View Drive,,Sylmar,CA,91342,,Los Angeles,747-210-3001,Intake,747-210-3010,,http://dhs.lacounty.gov/wps/portal/dhs/oliveview,34.3259095,-118.4459572,MH,1,1,,,,,,,,1,,1,1,,1,1,1,1,,,1,,,1,,,1,,,,1,,,1,1,1,,1,1,1,,,,,1,,,,,1,,1,1,1,,,,,,,,,,,,,,,,,,,1,1,,,1,1,1,1,,1,,1,1,1,1,1,,,,1,,1,1,1,1,,,,,,1,,1,,1,1,1,1,,1,,,,1,1,,,1,1,1,1,,1,1,1,1,,,,,1,,,,,,,,,,,,,,,,1,,,,,,,1,,1,1,,,,1,,,,,,
Los Angeles County DMH,Olive View Community MH UCC,14659 Olive Drive,,Sylmar,CA,91342,,Los Angeles,818-485-0888,,,,http://www.dmh.lacounty.gov/,34.3241308,-118.4506607,MH,1,,,,,,1,,,1,1,1,1,,1,1,1,,,1,1,,,,,,1,,,,1,,,1,1,1,1,1,,1,,,,,1,,,,1,1,1,1,1,1,,,,,,,,,,,1,,,,,,,,1,,,,,,1,1,,,,,,1,1,1,,,,,,,1,1,1,,,,,,1,,1,,1,1,,,,,1,,,1,1,1,,1,,1,1,,1,1,1,1,,,,,1,,,,,,1,1,1,1,,,,,,,1,,,,,,,,,,,,,,,,,,,,
Center for Discovery,Woodland Hills,21650 Oxnard Street,Suite 2375,Woodland Hills,CA,91367,,Los Angeles,844-546-2614,,,,http://centerfordiscovery.com/locations/woodland-hills/,34.1787318,-118.6010616,MH,1,,,,,1,,,,1,1,1,1,1,1,1,1,1,,,,1,,,,,1,,,,,,,1,,,,1,,,,,,,,,,,,,,,,,1,1,,,,,,,1,,,,1,,,1,,,1,,,,1,,1,,,,,,,,,,,,,,,1,1,1,,,1,,,,1,,,,,,,,,,,,,,,,,,,,,,,,,,,,,,,,,,,,,,,,,,,,,,,,,,,,,,,,,,,,,,,,,,
Glendora Community Hospital,,150 West Route 66,,Glendora,CA,91740,,Los Angeles,626-852-5000,Intakes,626-852-5063,626-255-8154,http://www.primehealthcare.com/,34.1275602,-117.8651171,MH,1,1,,,,,,,,1,,1,1,,1,,,1,,,1,,,1,,,,,,,,,,1,1,1,,,,,,,,,,,,,,,,,1,1,1,1,1,1,1,1,1,1,1,,1,1,1,,,,,,1,1,,,1,1,1,,1,1,,1,1,,1,1,,,,1,,,1,1,1,,,1,,,1,,1,,1,1,1,1,,1,,,1,1,1,,,1,,1,1,,1,1,1,1,,,,,1,,,,1,1,1,1,1,1,1,,,,,,,,,,,,,,,,,,,,,,,,,,
Evolve Treatment Centers,Woodland Hills,4810 Azucena Road,,Woodland Hills,CA,91364,,Los Angeles,800-859-9052,,,,http://evolvetreatment.com/?utm_source=web&utm_medium=referral&utm_campaign=SAMHSA,34.1551762,-118.613961,MH,1,,1,,,,,,,1,1,1,1,1,1,1,1,1,,1,1,,,,1,,,,,,,,,1,,,,1,,,,,,,,,,,,,,,,,1,,,,,,,,,1,,,,,,,,1,1,,1,,,1,1,,,,,1,,,1,,,,,,,1,,,,,1,,,,1,,,,,,,,,,,,,1,,1,1,,,1,1,,,1,1,1,,,,,,,,,,,,,,,,,,,,,,,,,,,,,,,,,,,,,,,,,
Warner Park Recovery Center,,5855 Topanga Canyon Boulevard,Suite 150,Woodland Hills,CA,91367,,Los Angeles,818-916-6869,Intake,866-623-6905,,http://www.warnerparkrecovery.com,34.1771165,-118.6056249,MH,1,,,,,1,,,,1,1,1,1,1,1,1,1,1,,1,,1,,,,1,1,,,,,,,1,,,,1,,,,,,,,,,,,,,,,,1,1,1,1,1,1,1,1,1,1,1,,1,,1,1,1,,1,,1,1,1,,1,,,1,1,,1,1,1,1,,,,1,1,1,1,1,1,,1,,,,1,,,,,,,,,,,,,1,,,,,,1,1,1,1,1,1,1,,,,,,,,,,,,,,,1,,,,,,,,,,,,,,,,,,,1,,,,,,,
West Valley,Mental Health and Health Center,20151 Nordhoff Street,,Chatsworth,CA,91311,,Los Angeles,818-407-3200,,,,http://dmh.lacounty.gov/,34.2325078,-118.5729073,MH,1,,,,,,1,,,1,1,1,1,1,,1,1,,,1,,,1,,,,1,,,,1,,,1,1,1,,,,,,,,,,,,,1,1,,,1,1,1,,,,,,,,1,,1,,1,,,,,1,1,1,1,,1,,1,1,,,,,1,1,1,1,,,,,1,,1,1,1,,,,,,,,1,,,1,1,1,,1,1,1,1,1,,,,1,1,1,1,,1,1,1,1,,,,,1,,,,1,,,,,,,,,,1,,1,,1,,,,,1,,,,,,1,1,,,,,,
Phillips Graduate Institute,CalFam Counseling,19900 Plummer Street,,Chatsworth,CA,91311,,Los Angeles,818-386-5600,Intake,818-907-9980,,http://,34.2419401,-118.5676698,MH,1,,,,,,1,,,1,1,1,1,,1,1,1,,,1,1,,,,,,1,,,,,,,1,,,,,,,,,,,1,,,,,,1,1,,1,,,,,,1,,,,,,,,,,,,,,,,1,,,1,,,,,,,,1,1,,,,,,1,1,1,1,,,1,,,1,,,,,,,,,,,,,,,,,,,,,,,,,,,,,,,,1,1,1,,,,,,,,,,,,1,,,,,,,,,,,,,,,,,,,,
Destinations For Teens,Hatteras,22842 Hatteras Street,,Woodland Hills,CA,91367,,Los Angeles,818-737-2221,Intake,929-381-2011,,http://www.destinationsforteens.com,34.1754172,-118.6249065,MH,1,,1,,,,,,,1,1,1,1,1,1,1,1,1,,1,1,,,,1,,,,,,,,,1,,,,1,1,,,,,,,,,,1,,,,,,1,1,,,1,1,,1,1,1,,,1,,,,1,,,,1,1,,1,1,,,,,,,,1,1,,,,1,,1,,,,,1,,,,1,,,,,,,,,,,,,1,1,1,1,1,1,1,,1,1,1,1,1,,,,,1,,,,1,1,,,,,,,,,,,,,,,,,,,,,,,,,,,,,,,
Destinations For Teens,Calenda,5100 Calenda Drive,,Woodland Hills,CA,91367,,Los Angeles,818-737-2221,Intake,929-381-2011,,http://www.destinationsforteens.com,34.1626143,-118.6374863,MH,1,,1,,,,,,,1,1,1,1,1,1,1,1,1,,1,1,,,,1,,,,,,,,,1,,,,1,1,,,,,,,,,,1,,,,,,1,1,,,1,1,,1,1,1,,,1,,,,1,,,,1,1,,1,1,,,,,,,,1,1,,,,1,,1,,,,,1,,,,1,,,,,,,,,,,,,1,1,1,1,1,1,1,1,1,1,1,1,1,,,,,1,,,,1,1,,,,,,,,,,,,,,,,,,,,,,,,,,,,,,,
McKinley,,762 Cypress Street,,San Dimas,CA,91773,3505,Los Angeles,909-599-1227 x1738,Intake,909-642-6282 x2221,,http://www.mckinleycc.org,34.094827,-117.8219609,MH,1,,1,,,,,,,1,1,1,1,,1,,1,1,,1,1,,,,1,,1,,,,,,,,1,,1,1,,1,1,1,1,1,1,,1,,1,,,,,1,,,,,,,,,1,1,,,1,,,,,1,1,,1,,,,1,,,,,,,1,,,,,1,,,1,,,,1,,1,,,1,,,,,,,,,,,,,,,,,,,,,,,,,,,,,,,,,,,,,,,,,,,,,,,,,,,,,,,,,,,,,,,,,,
Evolve Treatment Centers,Calabasas,423 Woodbluff Road,,Calabasas,CA,91302,,Los Angeles,800-859-9052,,,,http://evolvetreatment.com/?utm_source=web&utm_medium=referral&utm_campaign=SAMHSA,34.0779344,-118.6911673,MH,1,,1,,,,,,,1,1,1,1,1,1,1,1,1,,1,1,,,,1,,,,,,,,,1,,,,1,,,,,,,,,,,,,,,,,1,,,,,,,,,1,,,,,,,,1,1,,,,,1,1,,,,,1,,,1,1,,,,,,1,,,,,1,,,,1,,,,,,,,,,,,,1,,1,1,,,1,1,,,1,1,1,,,,,,,,,,,,,,,,,,,,,,,,,,,,,,,,,,,,,,,,,
David and Margaret,Youth and Family Services,1350 3rd Street,,La Verne,CA,91750,,Los Angeles,909-596-5921 x3140,Intakes,909-596-5921 x3155,909-957-1346 x0,http://www.DavidandMargaret.org,34.1024159,-117.7854785,MH,1,,,,,,,,1,1,1,1,1,,1,1,1,1,,1,1,,,,1,,1,,,,,,,1,1,,,,,1,1,,,1,1,,,,1,,1,1,1,1,1,1,,,,,,,1,1,1,,1,,1,,,1,1,,1,1,1,1,1,1,,1,,,,1,1,1,1,1,1,1,1,1,1,1,1,,,1,,,1,,1,,1,,1,,,,,,,1,,,,,,,1,1,,1,1,,,,,,1,1,1,1,,1,,,,,,,,,,,,,,,,,,,,,,,,,,,,,,,
Haynes Family of Programs,,1025 Sentinel Drive,Suite 200,La Verne,CA,91750,,Los Angeles,909-833-2986,Intake,909-833-2986 x209,,http://,34.1191627,-117.7850247,MH,1,,,,,,,1,,1,1,,1,,1,,1,1,,1,1,,,,,,1,,,,,,,,1,,1,,,,,,,,,,,,1,,,,1,1,,,,,,,,,1,1,1,,1,,1,,,1,1,,1,1,,1,1,1,,,,,,1,,,,,,,,1,1,,,,,1,,,1,,,,,,,,,,,,,1,,,,1,,,1,,,1,1,1,,,,,,,,,,,,,,,,,,,,,,,,,,,,,,,,,,,,,,,,,
Tri City Mental Health Center,,2008 North Garey Avenue,,Pomona,CA,91767,2722,Los Angeles,909-623-6131,Intake,,844-233-6496,http://tricitymhs.org,34.0828993,-117.7525015,MH,1,,,,,,,1,,1,1,1,1,1,1,1,1,,,1,1,,,,,,1,,,,1,,,1,1,1,1,,,1,,,,1,1,,,,1,1,1,1,1,1,1,1,1,,,,1,,1,,1,,1,,1,,,1,1,,1,1,,,1,1,,,,,,1,1,1,,1,,1,,,1,1,1,,,,,,1,,1,,1,1,1,1,1,1,1,1,1,1,1,1,1,1,1,1,1,1,1,1,1,1,,,,,1,1,,,,,,,,,,,,,1,,1,,,,,,,,,,1,,,,1,1,,,,,
Ettie Lee Youth and Family Services,,160 East Holt Avenue,Suite B,Pomona,CA,91767,,Los Angeles,909-620-2521,,,,http://www.ettielee.org/,34.062378,-117.748816,MH,1,,,,,,,1,,1,1,1,1,1,,,1,,,1,1,,,,,,1,,,,,,,1,1,,,,,,1,,,,1,,,,,,,,,1,1,1,,,,,,,1,1,,,1,,1,,,,1,,,1,,1,1,1,,,,,,1,1,1,,,1,,,1,1,,,,,1,,,1,,,,,1,,,,,,,,1,,,,1,,1,1,1,,1,1,,,,,,,,1,,,,,,,,,,,,1,,1,,,1,,,,1,,,,,,,,,,,,,
Haynes Family of Programs,,233 Baseline Road,Box 400,La Verne,CA,91750,,Los Angeles,909-593-2581,Intakes,909-833-2986,909-593-2581 x241,http://www.leroyhaynes.org,34.1211452,-117.7532116,MH,1,,1,,,,,,,1,1,1,1,,1,1,1,1,,1,1,,,,1,,1,,,,,,,,1,,,,,,,,,,,,,,1,,,,1,1,1,,,,,1,,,1,1,1,,1,,1,,,1,1,,1,1,,1,1,1,,,,,,1,,1,,,,,,1,1,,,,,1,,,1,,,,,,,,,,,,,1,,,,1,,,1,,,1,1,1,,,,,,,,,,,,,,,,,,,,,,,,,,,,,,,,,,,,,,,,,
Tri City Mental Health Center,,1900 Royalty Drive,Suite 180,Pomona,CA,91767,,Los Angeles,909-784-3200,Intake,,909-623-6131,http://tricitymhs.org,34.07716,-117.745971,MH,1,,,,,,,1,,1,1,1,1,,1,1,1,,,1,1,,,,,,1,,,,1,,,1,1,1,1,,,1,,,,1,1,,,,1,1,1,1,1,1,1,1,,,,,,,1,1,,,1,,1,,,1,1,,1,1,,,1,1,1,,,,,1,1,1,,1,,1,,1,1,,,,,,,,1,,1,,1,1,1,1,1,1,1,1,1,1,1,1,1,1,1,1,1,1,1,1,1,1,,,,,1,1,,,,1,,,,,,1,,,1,,,,,,,,,,,,1,,,,,1,,,,,
Olive Vista Behavioral Health Center,,2335 South Towne Avenue,,Pomona,CA,91766,,Los Angeles,909-628-6024,Intakes,909-628-6024 x215,909-628-6024 x216,http://,34.02771,-117.740349,MH,1,,,1,,,,,,1,1,1,1,1,1,,,,,,,1,,,1,,,,,,,,,1,,,,,,1,,,,,,,,,,,,,,1,1,,,,,1,,,,,1,,,,,,,,,1,1,,1,1,1,,1,1,,,,1,1,,,,,1,1,,1,1,1,,1,,,,1,,,,1,1,,,,,,,,1,,,,1,,1,1,,1,1,1,1,,,,,1,,,,,,,,,,,,,,,,,,,,,,,,,,,,,,,,,,,,
Pacific Clinics,Bonita Family Services,790 East Bonita Avenue,,Pomona,CA,91767,1906,Los Angeles,909-625-7207,Intake,877-722-2737,,http://www.pacificclinics.org,34.0954486,-117.7374289,MH,1,,,,,,1,,,1,1,1,1,,1,1,1,,,1,,1,,,,,1,,,,,,,,,,1,,,1,1,1,,,1,,1,,,,,,,1,1,1,,,,,,,1,1,1,,1,,1,1,,,1,,,,,,1,1,,,,,,1,,1,1,,,,1,1,1,,,,,1,,,,,,,,,,,,,,,,,,,,,,,,,,,,,,,,,,,,,1,1,,,,,,,,,,,,,,,,,,,,,,,,,,,,,,,
Child and Family Center,,21545 Centre Pointe Parkway,,Santa Clarita,CA,91350,,Los Angeles,661-259-9439,,,,http://www.childfamilycenter.org,34.4129967,-118.5137171,MH,1,,,,,,1,,,1,1,1,1,,1,1,1,1,,1,,1,,,,,1,,,,,,,,1,1,,,,1,1,,,1,1,,,,1,1,,,1,1,1,1,,,,,,1,1,1,,,1,,1,,,,1,,,1,,,1,,,,1,,,1,1,1,,,,,,1,1,1,,,,1,,,1,,,,,,,,,,,,,1,,,,,,,,,,,1,,,,,,1,,,,1,,,,,,,,,,,,,,,,,,,,,,,,,,,,,,,,
Evolve Treatment Centers,Agoura Hills,6425 Chesebro Road,,Agoura Hills,CA,91301,,Los Angeles,800-859-9052,,,,http://evolvetreatment.com/?utm_source=web&utm_medium=referral&utm_campaign=SAMHSA,34.1637177,-118.7373456,MH,1,,1,,,,,,,1,1,1,1,1,1,1,1,1,,1,1,,,,1,,,,,,,,,1,,,,1,,,,,,,,,,,,,,,,,1,,,,,,,,,1,,,,,,,,1,1,,,,,1,1,,,,,1,,,1,1,,,,,,1,,,,,1,,,,1,,,,,,,,,,,,,1,,1,1,,,1,1,,,1,1,1,,,,,,,,,,,,,,,,,,,,,,,,,,,,,,,,,,,,,,,,,
BNI Treatment Centers,,30954 Lobo Canyon Road,,Agoura Hills,CA,91301,,Los Angeles,888-522-1504,,,,http://bnitreatment.com/,34.1221216,-118.7959711,MH,1,,1,,,,,,,1,,1,1,1,1,1,1,1,,1,1,,,,1,1,,,,,,,,1,,,,1,,,,,,,,,,,1,,,,,,1,1,,,,,,,1,,,,1,,,1,,,1,,,,,1,1,,,,,,,,,,,,,,,1,,,,,1,,,,1,,,,,,,,,,,,,,,,,,,,,,,,,,,,,,1,1,,,,,,,,,,,,,,,,,,,,,,,,,,,,,,,,,,,
Beachside Teen Treatment Center,Bailard House,31275 Bailard Road,,Malibu,CA,90265,,Los Angeles,310-457-2695 x302,Intake,800-234-5599,,http://www.beachsideteen.com,34.0390021,-118.853058,MH,1,,1,,,,,,,,1,1,1,1,1,1,1,1,,,1,,,,1,,,,,,,,,1,,,,1,,,,,,,,,,,,,,,,,1,1,,,,,,,1,,,,1,,,1,,,,,,,1,1,1,1,,1,,1,,1,,,,,,1,,1,,,,,1,,,,1,,,,,,,,,,,,,,,,,,,,,,,,,,,,,,,1,,,,,,,,,,,,,,,,,,,,,,,,,,,,,,,,,,,
Avalon Malibu,,32420 Pacific Coast Highway,,Malibu,CA,90265,,Los Angeles,310-457-9111,Intakes,888-985-7511,310-955-0509,http://www.avalonmalibu.com,34.038968,-118.880796,MH,1,,,1,,,,,,1,1,1,1,1,1,1,1,1,,,,1,,,1,1,1,,,,,,,1,,,,1,,,,,,,,,,,,,,,,,1,1,,,,,1,,1,,1,,1,,1,,,,1,1,,,1,,1,1,1,1,,,,1,,,,,,,1,,1,1,1,,1,,,,1,,1,,1,1,,,,,1,,,1,1,1,1,,,1,1,1,1,1,1,1,,1,,,,,,,,1,1,1,1,1,1,,,,,,,,,,,,,,,,,,,,,,,,,,
Optimist Youth Homes and,Fam Services (OYHFS)/Outpatient PD,520 West Palmdale Boulevard,Suite D,Palmdale,CA,93551,,Los Angeles,661-575-8395,,,,http://www.oyhfs.org/index.html,34.5835698,-118.1402918,MH,1,,,,,,,1,,1,1,1,1,,1,,1,,,1,,1,,,,,1,,,,,,,,1,,,,,1,1,,,,,,,,1,,,,1,1,,1,,,,,,,1,1,,,1,,,,,1,1,,,1,,,1,,,,,,,,,1,,,,,,1,,,,,,1,,,,,,,,,,,,,,,,,,,,,,,,,,,,,,,,,,,,,,1,,,,,,,,,,,1,,,,,,,,,,,,,,,,,,,,
Childrens Bureau,Palmdale,1529 East Palmdale Boulevard,Suite 210,Palmdale,CA,93550,,Los Angeles,661-272-9996,,,,http://www.all4kids.org,34.580392,-118.1019806,MH,1,,,,,,1,,,1,1,1,1,,1,,1,,,1,1,,,,,,1,,,,,,,,1,,1,,,1,,,,,1,,,,,,,,,1,,1,,,,,,,1,1,,,1,,1,,,,1,,,1,,,1,,,,,,,1,,1,,,,,,1,1,,,,,1,,,1,,,,,,,,,,,,,1,,,,,,,1,,,1,1,,,,,,,,,,,1,,,,,,,,,,,,,,,,,,,,,,,,,1,,,,,,
McKinley,,2231 East Palmdale Boulevard,,Palmdale,CA,93550,,Los Angeles,909-599-1227,,,,http://,34.580769,-118.088607,MH,1,,,,,,1,,,1,1,1,1,,1,,1,,,1,1,,,,,,1,,,,,,,,1,,1,,,1,1,1,1,1,1,,1,,1,,,,,1,,,,,,,,,1,,1,,1,,,,,1,1,,1,,,,1,,,,,,,1,,,,,1,,,,1,1,,1,,1,,,1,,,,,,,,,,,,,,,,,,,,,,,,,,,,,,,,,,,,,,,,,,,,,,,,,,,,,,,,,,,,,,,,,,
Child and Family Center,,38345 30th Street East,Suite C-2,Palmdale,CA,93550,,Los Angeles,661-259-9439,,,,http://www.childfamilycenter.org/,34.5790964,-118.0764204,MH,1,,,,,,1,,,1,1,1,1,,,,,,,1,,1,,,,,1,,,,,,,,1,1,,,,1,1,,,1,1,,,,,,,,1,1,1,,,,,,,,1,,,,,,1,,,,1,,,,,,1,,,,1,,,1,,1,,,,,,1,1,1,,,,1,,,1,,,,,,,,,,,,,,,,,,,,,,,,,,,,,,,,,,1,,,,,,,,,,,,,,,,,,,,,,,,,,,,,,,,
Child and Family Guidance Center,Antelope Valley Services,40005 10th Street West,Suite 106,Palmdale,CA,93551,,Los Angeles,661-265-8627,Intakes,661-265-8627 x2822,661-265-8627 x2823,http://www.childguidance.org,34.609816,-118.148428,MH,1,,,,,,1,,,1,1,1,1,,1,1,1,,,,,1,,,,,1,,,,,,,,1,,,,,,,,,,1,,,,1,1,,,,1,,1,,,,1,,,1,1,,,1,,1,,,,1,,1,,,,1,,,,,,,,,1,,,,,,1,1,,,,,1,,,1,,,,,,,,,,,,,,,,,,,,,,,,,,,,,,,,,,,,,,,,,,,,,,1,1,,,1,,,,1,,,,,,,,,,,,
Penny Lane Centers,Antelope Valley Family Center,43520 Division Street,,Lancaster,CA,93535,4089,Los Angeles,661-266-4783,Intakes,661-266-4783 x2262,661-266-4783 x2718,http://www.pennylane.org,34.6732831,-118.1295034,MH,1,,,,,,1,,,1,1,1,1,,,1,1,,,,1,,,,,,1,,,,,,,,,1,1,,,1,1,1,,,1,,,,,,,,,1,1,,,,,,,,,1,,,1,,,,,,1,,,1,,,,1,,,,,,1,,,1,1,1,,,1,1,1,,,,1,,,,,,,,,,,,,,,,,,,,,,,,,,,,,,,,,,,,,,,,,,,,,,,,,,,,,,,,,,,,,,,,,,,,,
Heritage Clinic,,43807 10th Street West,Suite D,Lancaster,CA,93534,,Los Angeles,661-575-9365,Intake,661-575-9365 x0,,http://heritageclinic.org,34.6788454,-118.1486113,MH,1,,,,,,1,,,1,1,1,1,1,1,1,1,,,1,,1,,,,,1,,,,,,,1,1,1,,1,,,,,,,1,,,,,,,,,1,,,,,,1,1,,,,1,1,,,,,,1,1,,,1,,,1,1,,,,,,1,,1,,1,,,,,,1,1,,,1,,,1,,,,,,,,,,,,,,,,,,,,,,,,,,,,,,,,,,,,,,,,,,,,,,1,,,,,,,,,,,,,,,,,,,,
Childrens Bureau,Lancaster,921 West Avenue J,Suite C,Lancaster,CA,93534,,Los Angeles,661-949-0131 x2109,Intake,661-949-0131,,http://www.all4kids.org,34.6894369,-118.1465409,MH,1,,,,,,,1,,1,1,1,1,1,1,,1,1,,1,,,1,,,1,1,,,,,,,,1,,1,,,,1,,,,1,,,,,,,,1,1,,,,,,,,,1,1,,,1,,1,,,1,1,,,1,,,1,,,,,,,1,,1,,,,,,1,1,,,,,1,,,1,,,,,,,,,,,,,1,,,,,,,1,,,,,,,,,,,,,,,,,,,,,,,,,,,,,,,,,,,,,,,,,,,,,,
Tarzana Treatment Centers Inc,Youth Outpatient,44443 10th Street West,,Lancaster,CA,93534,,Los Angeles,818-996-1051,,,,http://www.tarzanatc.org,34.690227,-118.148048,MH,1,,,,,,,,1,1,1,1,,,,1,,1,,,,1,,,,1,1,,,,,,,1,1,1,1,1,,,1,1,1,,1,1,1,,,,1,1,1,1,1,1,,,,1,,1,,,,,1,,,,,1,,1,,,,1,1,1,,,,,,1,,,,1,,1,1,,1,1,1,,,1,,,,,,,,,,,,,,,,,,,,,,,,,,,,,,,,,,,,,,,,,,,,,,,,,,,,,,,,,,,,,,,,,,,,,
Tarzana Treatment Centers Inc,Youth Residential,44447 North 10th Street West,Building C,Lancaster,CA,93534,3324,Los Angeles,661-726-2630,Intake,818-996-1051,,http://www.tarzanatc.org,34.6908921,-118.1487942,MH,1,,1,,,,,,,,1,1,1,,,,,1,,,,1,,,1,,,,,,,,,1,1,1,,1,,,,,,,1,,,,,,1,1,1,1,1,1,,,,,,1,,,,,,,,,,,,,,,,,1,,,1,,,,,,,1,,,1,,1,,,,,,1,,,,,,,,,,,,,,,,,,,,,,,,,,,,,,,,,,,,,,,,,,,,,,,,,,,,,,,,,,,,,,,,,,,,,
Tarzana Treatment Centers Inc,Adult Residential,44447 10th Street West,Building B,Lancaster,CA,93534,,Los Angeles,661-726-2630,Intake,818-996-1051,,http://www.tarzanatc.org,34.6908921,-118.1487942,MH,1,,,1,,,,,,,1,1,1,,,1,,1,,1,,1,,,1,,,,,,,,,1,1,1,1,1,,1,1,1,,1,1,1,1,,,,1,,1,1,1,1,,,,1,,1,,,,,1,,,,1,,1,,,,,,1,,1,,,,,,,1,,1,,1,,,1,1,1,,,1,,,,,,,,,,,,,,,,,,,,,,,,,,,,,,,,,,,,,,,,,,,,,,,,,,,,,,,,,,,,,,,,,,,,,
Hathaway/Sycamores Child/Family Servs,Community Services,44738 Sierra Highway,,Lancaster,CA,93534,,Los Angeles,661-942-5749,Intakes,844-222-2377,626-395-7100,http://www.hathaway-sycamores.org,34.6952099,-118.1359948,MH,1,,,,,,,1,,1,1,,1,,1,1,1,,,1,,1,,,,,1,,,,,,,,1,1,,,,1,1,1,1,1,1,1,1,,1,,,,1,1,1,,,,,1,,,1,1,,,1,,,,,1,1,,1,1,,,1,,,,,,,,1,1,,,,,,1,1,,,,,1,,,1,,,,,,,,,,,,,,,,,,,,,,,,,,,,,,,,,,,,,,,,,,,,,,,,,,,,,,,,,,,,,,,,,,
Tarzana Treatment Centers Inc,,907 West Lancaster Boulevard,,Lancaster,CA,93534,,Los Angeles,800-996-1051,Intake,818-996-1051,,http://www.tarzanatc.org,34.697464,-118.147244,MH,1,,,,,,,,1,,1,1,1,,,,,1,,,,1,,,,,1,,,,,,,1,1,1,,1,,1,,1,,,1,1,1,,,,1,1,1,1,1,1,,,,,,1,,,,,,,,,,,,,,,,,1,,,1,,,,,,,1,,,1,,,1,1,1,,,1,,,,,,,,,,,,,,,,,,,,,,,,,,,,,,,,,,,,,,,,,,,,,,,,,,,,,,,,,,,,,,,,,,,,,